articleDetail_id,article_id,like_url,likeRate,updateTime
2019122320191223152701779,20191223152701779,https://www.facebook.com/v2.5/plugins/like.php?action=like&app_id=115279665149396&channel=https%3A%2F%2Fstaticxlie%2Fxd_arbiter.php%3Fversion%3D44%23cb%3Df3defe6b2094794%26domain%3Dcafef.vn%26origin%3Dhttp%253A%252F%252Fcafef.vn%252Ff3c3b225a045e08%26relation%3Dparent.parent&container_width=85&href=http%3A%2F%2Fcafef.vn%2Fbao-phanfone-dang-huong-vao-bien-dong-20191223152701779.chn&layout=button_count&locale=vi_VN&sdk=joey&share=false&show_faces=false&size=small,1,23-12-2019
201912232019122314374856,2019122314374856,https://www.facebook.com/v2.5/plugins/like.php?action=like&app_id=115279665149396&channel=https%3A%2F%2Fstaticxlie%2Fxd_arbiter.php%3Fversion%3D44%23cb%3Df3defe6b2094794%26domain%3Dcafef.vn%26origin%3Dhttp%253A%252F%252Fcafef.vn%252Ff3c3b225a045e08%26relation%3Dparent.parent&container_width=85&href=http%3A%2F%2Fcafef.vn%2Fls-chi-ra-10-tinh-tiet-giam-nhe-de-nghi-mien-hinh-phat-cho-cuu-chu-tich-avg-pham-nhat-vu-2019122314374856.chn&layout=button_count&locale=vi_VN&sdk=joey&share=false&show_faces=false&size=small,42,23-12-2019
2019122320191223140220576,20191223140220576,https://www.facebook.com/v2.5/plugins/like.php?action=like&app_id=115279665149396&channel=https%3A%2F%2Fstaticxlie%2Fxd_arbiter.php%3Fversion%3D44%23cb%3Df3defe6b2094794%26domain%3Dcafef.vn%26origin%3Dhttp%253A%252F%252Fcafef.vn%252Ff3c3b225a045e08%26relation%3Dparent.parent&container_width=85&href=http%3A%2F%2Fcafef.vn%2Fgian-dan-de-chong-o-nhiem-20191223140220576.chn&layout=button_count&locale=vi_VN&sdk=joey&share=false&show_faces=false&size=small,0,23-12-2019
2019122320191223124738654,20191223124738654,https://www.facebook.com/v2.5/plugins/like.php?action=like&app_id=115279665149396&channel=https%3A%2F%2Fstaticxlie%2Fxd_arbiter.php%3Fversion%3D44%23cb%3Df3defe6b2094794%26domain%3Dcafef.vn%26origin%3Dhttp%253A%252F%252Fcafef.vn%252Ff3c3b225a045e08%26relation%3Dparent.parent&container_width=85&href=http%3A%2F%2Fcafef.vn%2Ftphcm-bo-nhiem-nhan-su-moi-20191223124738654.chn&layout=button_count&locale=vi_VN&sdk=joey&share=false&show_faces=false&size=small,0,23-12-2019
2019122320191223124246013,20191223124246013,https://www.facebook.com/v2.5/plugins/like.php?action=like&app_id=115279665149396&channel=https%3A%2F%2Fstaticxlie%2Fxd_arbiter.php%3Fversion%3D44%23cb%3Df3defe6b2094794%26domain%3Dcafef.vn%26origin%3Dhttp%253A%252F%252Fcafef.vn%252Ff3c3b225a045e08%26relation%3Dparent.parent&container_width=85&href=http%3A%2F%2Fcafef.vn%2Ftrao-quyet-dinh-cua-bo-chinh-tri-ve-cong-tac-can-bo-20191223124246013.chn&layout=button_count&locale=vi_VN&sdk=joey&share=false&show_faces=false&size=small,0,23-12-2019
2019122320191223123901185,20191223123901185,https://www.facebook.com/v2.5/plugins/like.php?action=like&app_id=115279665149396&channel=https%3A%2F%2Fstaticxlie%2Fxd_arbiter.php%3Fversion%3D44%23cb%3Df3defe6b2094794%26domain%3Dcafef.vn%26origin%3Dhttp%253A%252F%252Fcafef.vn%252Ff3c3b225a045e08%26relation%3Dparent.parent&container_width=85&href=http%3A%2F%2Fcafef.vn%2Ftu-1-7-2020-cong-chuc-bi-ky-luat-van-duoc-bo-nhiem-lai-20191223123901185.chn&layout=button_count&locale=vi_VN&sdk=joey&share=false&show_faces=false&size=small,5,23-12-2019
2019122320191223105610513,20191223105610513,https://www.facebook.com/v2.5/plugins/like.php?action=like&app_id=115279665149396&channel=https%3A%2F%2Fstaticxlie%2Fxd_arbiter.php%3Fversion%3D44%23cb%3Df3defe6b2094794%26domain%3Dcafef.vn%26origin%3Dhttp%253A%252F%252Fcafef.vn%252Ff3c3b225a045e08%26relation%3Dparent.parent&container_width=85&href=http%3A%2F%2Fcafef.vn%2Fuan-khuc-vu-benh-nhan-no-sung-tu-sat-tai-benh-vien-trung-vuong-20191223105610513.chn&layout=button_count&locale=vi_VN&sdk=joey&share=false&show_faces=false&size=small,0,23-12-2019
201912232019122310110217,2019122310110217,https://www.facebook.com/v2.5/plugins/like.php?action=like&app_id=115279665149396&channel=https%3A%2F%2Fstaticxlie%2Fxd_arbiter.php%3Fversion%3D44%23cb%3Df3defe6b2094794%26domain%3Dcafef.vn%26origin%3Dhttp%253A%252F%252Fcafef.vn%252Ff3c3b225a045e08%26relation%3Dparent.parent&container_width=85&href=http%3A%2F%2Fcafef.vn%2Fnguoi-dan-ha-noi-co-ro-dot-lua-suoi-am-trong-tiet-troi-mua-phun-gio-ret-cuoi-nam-2019122310110217.chn&layout=button_count&locale=vi_VN&sdk=joey&share=false&show_faces=false&size=small,0,23-12-2019
2019122320191223095003545,20191223095003545,https://www.facebook.com/v2.5/plugins/like.php?action=like&app_id=115279665149396&channel=https%3A%2F%2Fstaticxlie%2Fxd_arbiter.php%3Fversion%3D44%23cb%3Df3defe6b2094794%26domain%3Dcafef.vn%26origin%3Dhttp%253A%252F%252Fcafef.vn%252Ff3c3b225a045e08%26relation%3Dparent.parent&container_width=85&href=http%3A%2F%2Fcafef.vn%2Fvu-nhom-tin-dung-den-khong-che-giam-doc-benh-vien-moi-ngay-phai-tra-25-trieu-dong-tien-lai-20191223095003545.chn&layout=button_count&locale=vi_VN&sdk=joey&share=false&show_faces=false&size=small,450,23-12-2019
2019122320191223085424935,20191223085424935,https://www.facebook.com/v2.5/plugins/like.php?action=like&app_id=115279665149396&channel=https%3A%2F%2Fstaticxlie%2Fxd_arbiter.php%3Fversion%3D44%23cb%3Df3defe6b2094794%26domain%3Dcafef.vn%26origin%3Dhttp%253A%252F%252Fcafef.vn%252Ff3c3b225a045e08%26relation%3Dparent.parent&container_width=85&href=http%3A%2F%2Fcafef.vn%2Fngay-6-xu-vu-mobifone-mua-avg-cac-luat-su-bao-chua-cho-cuu-vu-truong-pham-dinh-trong-20191223085424935.chn&layout=button_count&locale=vi_VN&sdk=joey&share=false&show_faces=false&size=small,0,23-12-2019
2019122320191223085149154,20191223085149154,https://www.facebook.com/v2.5/plugins/like.php?action=like&app_id=115279665149396&channel=https%3A%2F%2Fstaticxlie%2Fxd_arbiter.php%3Fversion%3D44%23cb%3Df3defe6b2094794%26domain%3Dcafef.vn%26origin%3Dhttp%253A%252F%252Fcafef.vn%252Ff3c3b225a045e08%26relation%3Dparent.parent&container_width=85&href=http%3A%2F%2Fcafef.vn%2Fthuong-tet-bang-hien-vat-can-suy-nghi-tren-goc-do-nguoi-lao-dong-20191223085149154.chn&layout=button_count&locale=vi_VN&sdk=joey&share=false&show_faces=false&size=small,3,23-12-2019
2019122320191223084529904,20191223084529904,https://www.facebook.com/v2.5/plugins/like.php?action=like&app_id=115279665149396&channel=https%3A%2F%2Fstaticxlie%2Fxd_arbiter.php%3Fversion%3D44%23cb%3Df3defe6b2094794%26domain%3Dcafef.vn%26origin%3Dhttp%253A%252F%252Fcafef.vn%252Ff3c3b225a045e08%26relation%3Dparent.parent&container_width=85&href=http%3A%2F%2Fcafef.vn%2Fnhung-can-bo-cap-cao-bi-ky-luat-trong-nam-2019-20191223084529904.chn&layout=button_count&locale=vi_VN&sdk=joey&share=false&show_faces=false&size=small,9,23-12-2019
2019122320191222202627232,20191222202627232,https://www.facebook.com/v2.5/plugins/like.php?action=like&app_id=115279665149396&channel=https%3A%2F%2Fstaticxlie%2Fxd_arbiter.php%3Fversion%3D44%23cb%3Df3defe6b2094794%26domain%3Dcafef.vn%26origin%3Dhttp%253A%252F%252Fcafef.vn%252Ff3c3b225a045e08%26relation%3Dparent.parent&container_width=85&href=http%3A%2F%2Fcafef.vn%2F10-ngay-nua-cam-ru-re-ep-buoc-nguoi-khac-uong-ruou-bia-20191222202627232.chn&layout=button_count&locale=vi_VN&sdk=joey&share=false&show_faces=false&size=small,"2,6K",23-12-2019
2019122320191222141916138,20191222141916138,https://www.facebook.com/v2.5/plugins/like.php?action=like&app_id=115279665149396&channel=https%3A%2F%2Fstaticxlie%2Fxd_arbiter.php%3Fversion%3D44%23cb%3Df3defe6b2094794%26domain%3Dcafef.vn%26origin%3Dhttp%253A%252F%252Fcafef.vn%252Ff3c3b225a045e08%26relation%3Dparent.parent&container_width=85&href=http%3A%2F%2Fcafef.vn%2F13-doan-tau-cat-linh-ha-dong-duoc-cap-chung-nhan-dang-kiem-tam-thoi-de-chay-thu-20191222141916138.chn&layout=button_count&locale=vi_VN&sdk=joey&share=false&show_faces=false&size=small,1,23-12-2019
2019122320191222120853404,20191222120853404,https://www.facebook.com/v2.5/plugins/like.php?action=like&app_id=115279665149396&channel=https%3A%2F%2Fstaticxlie%2Fxd_arbiter.php%3Fversion%3D44%23cb%3Df3defe6b2094794%26domain%3Dcafef.vn%26origin%3Dhttp%253A%252F%252Fcafef.vn%252Ff3c3b225a045e08%26relation%3Dparent.parent&container_width=85&href=http%3A%2F%2Fcafef.vn%2Fde-xuat-lap-dat-may-ban-nuoc-gan-camera-tai-nha-cho-xe-buyt-o-tp-hcm-20191222120853404.chn&layout=button_count&locale=vi_VN&sdk=joey&share=false&show_faces=false&size=small,0,23-12-2019
2019122320191222120517592,20191222120517592,https://www.facebook.com/v2.5/plugins/like.php?action=like&app_id=115279665149396&channel=https%3A%2F%2Fstaticxlie%2Fxd_arbiter.php%3Fversion%3D44%23cb%3Df3defe6b2094794%26domain%3Dcafef.vn%26origin%3Dhttp%253A%252F%252Fcafef.vn%252Ff3c3b225a045e08%26relation%3Dparent.parent&container_width=85&href=http%3A%2F%2Fcafef.vn%2Fgiam-doc-bi-giang-ho-khong-che-duoc-dai-ta-vu-hong-van-gd-cong-an-dong-nai-truc-tiep-giai-cuu-khai-gi-ve-khoan-no-nua-ty-dong-20191222120517592.chn&layout=button_count&locale=vi_VN&sdk=joey&share=false&show_faces=false&size=small,9,23-12-2019
2019122320191222083938498,20191222083938498,https://www.facebook.com/v2.5/plugins/like.php?action=like&app_id=115279665149396&channel=https%3A%2F%2Fstaticxlie%2Fxd_arbiter.php%3Fversion%3D44%23cb%3Df3defe6b2094794%26domain%3Dcafef.vn%26origin%3Dhttp%253A%252F%252Fcafef.vn%252Ff3c3b225a045e08%26relation%3Dparent.parent&container_width=85&href=http%3A%2F%2Fcafef.vn%2F3-chinh-sach-moi-ve-huu-tri-co-hieu-luc-tu-1-1-2020-20191222083938498.chn&layout=button_count&locale=vi_VN&sdk=joey&share=false&show_faces=false&size=small,5,23-12-2019
2019122320191222075854248,20191222075854248,https://www.facebook.com/v2.5/plugins/like.php?action=like&app_id=115279665149396&channel=https%3A%2F%2Fstaticxlie%2Fxd_arbiter.php%3Fversion%3D44%23cb%3Df3defe6b2094794%26domain%3Dcafef.vn%26origin%3Dhttp%253A%252F%252Fcafef.vn%252Ff3c3b225a045e08%26relation%3Dparent.parent&container_width=85&href=http%3A%2F%2Fcafef.vn%2Fcanh-sat-dong-nai-phong-toa-mot-benh-vien-o-bien-hoa-20191222075854248.chn&layout=button_count&locale=vi_VN&sdk=joey&share=false&show_faces=false&size=small,0,23-12-2019
2019122320191222075404779,20191222075404779,https://www.facebook.com/v2.5/plugins/like.php?action=like&app_id=115279665149396&channel=https%3A%2F%2Fstaticxlie%2Fxd_arbiter.php%3Fversion%3D44%23cb%3Df3defe6b2094794%26domain%3Dcafef.vn%26origin%3Dhttp%253A%252F%252Fcafef.vn%252Ff3c3b225a045e08%26relation%3Dparent.parent&container_width=85&href=http%3A%2F%2Fcafef.vn%2Fso-y-te-binh-duong-ly-giai-vu-nhan-vien-tap-vu-ho-bien-thanh-bac-sy-20191222075404779.chn&layout=button_count&locale=vi_VN&sdk=joey&share=false&show_faces=false&size=small,0,23-12-2019
2019122320191221202846217,20191221202846217,https://www.facebook.com/v2.5/plugins/like.php?action=like&app_id=115279665149396&channel=https%3A%2F%2Fstaticxlie%2Fxd_arbiter.php%3Fversion%3D44%23cb%3Df3defe6b2094794%26domain%3Dcafef.vn%26origin%3Dhttp%253A%252F%252Fcafef.vn%252Ff3c3b225a045e08%26relation%3Dparent.parent&container_width=85&href=http%3A%2F%2Fcafef.vn%2Fcua-ngo-tan-son-nhat-un-tac-vi-giai-dua-xe-dap-nhieu-nguoi-tre-chuyen-bay-20191221202846217.chn&layout=button_count&locale=vi_VN&sdk=joey&share=false&show_faces=false&size=small,1,23-12-2019
2019122320191223152213326,20191223152213326,https://www.facebook.com/v2.5/plugins/like.php?action=like&app_id=115279665149396&channel=https%3A%2F%2Fstaticxlie%2Fxd_arbiter.php%3Fversion%3D44%23cb%3Df3defe6b2094794%26domain%3Dcafef.vn%26origin%3Dhttp%253A%252F%252Fcafef.vn%252Ff3c3b225a045e08%26relation%3Dparent.parent&container_width=85&href=http%3A%2F%2Fcafef.vn%2Fkhoi-ngoai-tro-lai-mua-rong-vn-index-ap-sat-moc-960-diem-trong-phien-23-12-20191223152213326.chn&layout=button_count&locale=vi_VN&sdk=joey&share=false&show_faces=false&size=small,0,23-12-2019
2019122320191223105546217,20191223105546217,https://www.facebook.com/v2.5/plugins/like.php?action=like&app_id=115279665149396&channel=https%3A%2F%2Fstaticxlie%2Fxd_arbiter.php%3Fversion%3D44%23cb%3Df3defe6b2094794%26domain%3Dcafef.vn%26origin%3Dhttp%253A%252F%252Fcafef.vn%252Ff3c3b225a045e08%26relation%3Dparent.parent&container_width=85&href=http%3A%2F%2Fcafef.vn%2Fbao-tuoi-tre-da-thoai-toan-bo-von-tai-the-ky-21-c21-20191223105546217.chn&layout=button_count&locale=vi_VN&sdk=joey&share=false&show_faces=false&size=small,0,23-12-2019
2019122320191223073636498,20191223073636498,https://www.facebook.com/v2.5/plugins/like.php?action=like&app_id=115279665149396&channel=https%3A%2F%2Fstaticxlie%2Fxd_arbiter.php%3Fversion%3D44%23cb%3Df3defe6b2094794%26domain%3Dcafef.vn%26origin%3Dhttp%253A%252F%252Fcafef.vn%252Ff3c3b225a045e08%26relation%3Dparent.parent&container_width=85&href=http%3A%2F%2Fcafef.vn%2Fdiem-danh-nhung-doanh-nghiep-chot-quyen-nhan-co-tuc-bang-tien-bang-co-phieu-va-co-phieu-thuong-tuan-nay-20191223073636498.chn&layout=button_count&locale=vi_VN&sdk=joey&share=false&show_faces=false&size=small,12,23-12-2019
2019122320191223081014763,20191223081014763,https://www.facebook.com/v2.5/plugins/like.php?action=like&app_id=115279665149396&channel=https%3A%2F%2Fstaticxlie%2Fxd_arbiter.php%3Fversion%3D44%23cb%3Df3defe6b2094794%26domain%3Dcafef.vn%26origin%3Dhttp%253A%252F%252Fcafef.vn%252Ff3c3b225a045e08%26relation%3Dparent.parent&container_width=85&href=http%3A%2F%2Fcafef.vn%2Flich-chot-quyen-nhan-co-tuc-bang-tien-cua-6-doanh-nghiep-20191223081014763.chn&layout=button_count&locale=vi_VN&sdk=joey&share=false&show_faces=false&size=small,0,23-12-2019
2019122320191223100817279,20191223100817279,https://www.facebook.com/v2.5/plugins/like.php?action=like&app_id=115279665149396&channel=https%3A%2F%2Fstaticxlie%2Fxd_arbiter.php%3Fversion%3D44%23cb%3Df3defe6b2094794%26domain%3Dcafef.vn%26origin%3Dhttp%253A%252F%252Fcafef.vn%252Ff3c3b225a045e08%26relation%3Dparent.parent&container_width=85&href=http%3A%2F%2Fcafef.vn%2Fbid-vuot-dinh-lich-su-vn-index-ap-sat-moc-960-diem-20191223100817279.chn&layout=button_count&locale=vi_VN&sdk=joey&share=false&show_faces=false&size=small,8,23-12-2019
2019122320191223074553388,20191223074553388,https://www.facebook.com/v2.5/plugins/like.php?action=like&app_id=115279665149396&channel=https%3A%2F%2Fstaticxlie%2Fxd_arbiter.php%3Fversion%3D44%23cb%3Df3defe6b2094794%26domain%3Dcafef.vn%26origin%3Dhttp%253A%252F%252Fcafef.vn%252Ff3c3b225a045e08%26relation%3Dparent.parent&container_width=85&href=http%3A%2F%2Fcafef.vn%2Flich-su-kien-va-tin-van-chung-khoan-ngay-23-12-20191223074553388.chn&layout=button_count&locale=vi_VN&sdk=joey&share=false&show_faces=false&size=small,5,23-12-2019
2019122320191221122215467,20191221122215467,https://www.facebook.com/v2.5/plugins/like.php?action=like&app_id=115279665149396&channel=https%3A%2F%2Fstaticxlie%2Fxd_arbiter.php%3Fversion%3D44%23cb%3Df3defe6b2094794%26domain%3Dcafef.vn%26origin%3Dhttp%253A%252F%252Fcafef.vn%252Ff3c3b225a045e08%26relation%3Dparent.parent&container_width=85&href=http%3A%2F%2Fcafef.vn%2F3-ma-cw-sap-dao-han-do-ssi-phat-hanh-co-muc-tang-gia-tren-110-20191221122215467.chn&layout=button_count&locale=vi_VN&sdk=joey&share=false&show_faces=false&size=small,19,23-12-2019
2019122320191222144123998,20191222144123998,https://www.facebook.com/v2.5/plugins/like.php?action=like&app_id=115279665149396&channel=https%3A%2F%2Fstaticxlie%2Fxd_arbiter.php%3Fversion%3D44%23cb%3Df3defe6b2094794%26domain%3Dcafef.vn%26origin%3Dhttp%253A%252F%252Fcafef.vn%252Ff3c3b225a045e08%26relation%3Dparent.parent&container_width=85&href=http%3A%2F%2Fcafef.vn%2Fchung-khoan-2019-ra-doi-nhieu-chinh-sach-ho-tro-nhung-la-mot-nam-day-kho-khan-voi-nha-dau-tu-20191222144123998.chn&layout=button_count&locale=vi_VN&sdk=joey&share=false&show_faces=false&size=small,76,23-12-2019
2019122320191221084113717,20191221084113717,https://www.facebook.com/v2.5/plugins/like.php?action=like&app_id=115279665149396&channel=https%3A%2F%2Fstaticxlie%2Fxd_arbiter.php%3Fversion%3D44%23cb%3Df3defe6b2094794%26domain%3Dcafef.vn%26origin%3Dhttp%253A%252F%252Fcafef.vn%252Ff3c3b225a045e08%26relation%3Dparent.parent&container_width=85&href=http%3A%2F%2Fcafef.vn%2Fdet-may-hoang-thi-loan-chao-san-upcom-voi-gia-tham-chieu-19600-dong-co-phieu-20191221084113717.chn&layout=button_count&locale=vi_VN&sdk=joey&share=false&show_faces=false&size=small,3,23-12-2019
2019122320191220103625795,20191220103625795,https://www.facebook.com/v2.5/plugins/like.php?action=like&app_id=115279665149396&channel=https%3A%2F%2Fstaticxlie%2Fxd_arbiter.php%3Fversion%3D44%23cb%3Df3defe6b2094794%26domain%3Dcafef.vn%26origin%3Dhttp%253A%252F%252Fcafef.vn%252Ff3c3b225a045e08%26relation%3Dparent.parent&container_width=85&href=http%3A%2F%2Fcafef.vn%2Fttc-land-scr-hoan-tat-phat-hanh-80-ty-dong-trai-phieu-cho-vpbank-20191220103625795.chn&layout=button_count&locale=vi_VN&sdk=joey&share=false&show_faces=false&size=small,1,23-12-2019
2019122320191222232309982,20191222232309982,https://www.facebook.com/v2.5/plugins/like.php?action=like&app_id=115279665149396&channel=https%3A%2F%2Fstaticxlie%2Fxd_arbiter.php%3Fversion%3D44%23cb%3Df3defe6b2094794%26domain%3Dcafef.vn%26origin%3Dhttp%253A%252F%252Fcafef.vn%252Ff3c3b225a045e08%26relation%3Dparent.parent&container_width=85&href=http%3A%2F%2Fcafef.vn%2Flan-dong-cua-dut-khoat-tap-doan-tai-chinh-vincom-cua-ty-phu-pham-nhat-vuong-khi-o-tren-bien-gio-bao-den-phai-vut-bo-bot-nhung-thu-khong-phai-la-cot-loi-de-tu-cuu-minh-20191222232309982.chn&layout=button_count&locale=vi_VN&sdk=joey&share=false&show_faces=false&size=small,"1,4K",23-12-2019
2019122320191222105932873,20191222105932873,https://www.facebook.com/v2.5/plugins/like.php?action=like&app_id=115279665149396&channel=https%3A%2F%2Fstaticxlie%2Fxd_arbiter.php%3Fversion%3D44%23cb%3Df3defe6b2094794%26domain%3Dcafef.vn%26origin%3Dhttp%253A%252F%252Fcafef.vn%252Ff3c3b225a045e08%26relation%3Dparent.parent&container_width=85&href=http%3A%2F%2Fcafef.vn%2Ftu-doanh-ctck-tiep-tuc-ban-rong-205-ty-dong-trong-tuan-dao-han-hdtl-vn30f1912-20191222105932873.chn&layout=button_count&locale=vi_VN&sdk=joey&share=false&show_faces=false&size=small,0,23-12-2019
2019122320191222105111967,20191222105111967,https://www.facebook.com/v2.5/plugins/like.php?action=like&app_id=115279665149396&channel=https%3A%2F%2Fstaticxlie%2Fxd_arbiter.php%3Fversion%3D44%23cb%3Df3defe6b2094794%26domain%3Dcafef.vn%26origin%3Dhttp%253A%252F%252Fcafef.vn%252Ff3c3b225a045e08%26relation%3Dparent.parent&container_width=85&href=http%3A%2F%2Fcafef.vn%2Fnhieu-doanh-nghiep-he-lo-loi-nhuan-2019-vuot-ke-hoach-20191222105111967.chn&layout=button_count&locale=vi_VN&sdk=joey&share=false&show_faces=false&size=small,4,23-12-2019
2019122320191221142211482,20191221142211482,https://www.facebook.com/v2.5/plugins/like.php?action=like&app_id=115279665149396&channel=https%3A%2F%2Fstaticxlie%2Fxd_arbiter.php%3Fversion%3D44%23cb%3Df3defe6b2094794%26domain%3Dcafef.vn%26origin%3Dhttp%253A%252F%252Fcafef.vn%252Ff3c3b225a045e08%26relation%3Dparent.parent&container_width=85&href=http%3A%2F%2Fcafef.vn%2Fyeah1-cong-bo-hoan-tat-trich-lap-du-phong-scalelab-co-phieu-van-roi-xuong-day-moi-20191221142211482.chn&layout=button_count&locale=vi_VN&sdk=joey&share=false&show_faces=false&size=small,0,23-12-2019
2019122320191222110208842,20191222110208842,https://www.facebook.com/v2.5/plugins/like.php?action=like&app_id=115279665149396&channel=https%3A%2F%2Fstaticxlie%2Fxd_arbiter.php%3Fversion%3D44%23cb%3Df3defe6b2094794%26domain%3Dcafef.vn%26origin%3Dhttp%253A%252F%252Fcafef.vn%252Ff3c3b225a045e08%26relation%3Dparent.parent&container_width=85&href=http%3A%2F%2Fcafef.vn%2F10-co-phieu-tang-giam-manh-nhat-tuan-tam-diem-nhom-penny-20191222110208842.chn&layout=button_count&locale=vi_VN&sdk=joey&share=false&show_faces=false&size=small,8,23-12-2019
2019122320191222104429842,20191222104429842,https://www.facebook.com/v2.5/plugins/like.php?action=like&app_id=115279665149396&channel=https%3A%2F%2Fstaticxlie%2Fxd_arbiter.php%3Fversion%3D44%23cb%3Df3defe6b2094794%26domain%3Dcafef.vn%26origin%3Dhttp%253A%252F%252Fcafef.vn%252Ff3c3b225a045e08%26relation%3Dparent.parent&container_width=85&href=http%3A%2F%2Fcafef.vn%2Fquy-tac-dau-tu-vang-chan-dung-nha-dau-tu-kien-tri-bien-30000-usd-thanh-80-trieu-usd-20191222104429842.chn&layout=button_count&locale=vi_VN&sdk=joey&share=false&show_faces=false&size=small,877,23-12-2019
2019122320191222103852201,20191222103852201,https://www.facebook.com/v2.5/plugins/like.php?action=like&app_id=115279665149396&channel=https%3A%2F%2Fstaticxlie%2Fxd_arbiter.php%3Fversion%3D44%23cb%3Df3defe6b2094794%26domain%3Dcafef.vn%26origin%3Dhttp%253A%252F%252Fcafef.vn%252Ff3c3b225a045e08%26relation%3Dparent.parent&container_width=85&href=http%3A%2F%2Fcafef.vn%2Fdiem-nong-ttck-tuan-16-12-22-12-chung-khoan-viet-nam-tram-lang-chung-khoan-the-gioi-phuc-hoi-20191222103852201.chn&layout=button_count&locale=vi_VN&sdk=joey&share=false&show_faces=false&size=small,2,23-12-2019
2019122320191220195243217,20191220195243217,https://www.facebook.com/v2.5/plugins/like.php?action=like&app_id=115279665149396&channel=https%3A%2F%2Fstaticxlie%2Fxd_arbiter.php%3Fversion%3D44%23cb%3Df3defe6b2094794%26domain%3Dcafef.vn%26origin%3Dhttp%253A%252F%252Fcafef.vn%252Ff3c3b225a045e08%26relation%3Dparent.parent&container_width=85&href=http%3A%2F%2Fcafef.vn%2Fbecamex-ijc-sap-nhan-khoang-hon-1300-ty-dong-tu-chuyen-nhuong-du-an-20191220195243217.chn&layout=button_count&locale=vi_VN&sdk=joey&share=false&show_faces=false&size=small,2,23-12-2019
2019122320191222093810326,20191222093810326,https://www.facebook.com/v2.5/plugins/like.php?action=like&app_id=115279665149396&channel=https%3A%2F%2Fstaticxlie%2Fxd_arbiter.php%3Fversion%3D44%23cb%3Df3defe6b2094794%26domain%3Dcafef.vn%26origin%3Dhttp%253A%252F%252Fcafef.vn%252Ff3c3b225a045e08%26relation%3Dparent.parent&container_width=85&href=http%3A%2F%2Fcafef.vn%2Fsmc-dat-muc-tieu-lai-rong-120-ty-dong-trong-nam-2020-20191222093810326.chn&layout=button_count&locale=vi_VN&sdk=joey&share=false&show_faces=false&size=small,0,23-12-2019
2019122320191221160744185,20191221160744185,https://www.facebook.com/v2.5/plugins/like.php?action=like&app_id=115279665149396&channel=https%3A%2F%2Fstaticxlie%2Fxd_arbiter.php%3Fversion%3D44%23cb%3Df3defe6b2094794%26domain%3Dcafef.vn%26origin%3Dhttp%253A%252F%252Fcafef.vn%252Ff3c3b225a045e08%26relation%3Dparent.parent&container_width=85&href=http%3A%2F%2Fcafef.vn%2Fkhoi-ngoai-ban-rong-hon-86-ty-dong-trong-tuan-hai-quy-etf-giao-dich-tap-trung-xa-vic-20191221160744185.chn&layout=button_count&locale=vi_VN&sdk=joey&share=false&show_faces=false&size=small,3,23-12-2019
2019122320191223153049763,20191223153049763,https://www.facebook.com/v2.5/plugins/like.php?action=like&app_id=115279665149396&channel=https%3A%2F%2Fstaticxlie%2Fxd_arbiter.php%3Fversion%3D44%23cb%3Df3defe6b2094794%26domain%3Dcafef.vn%26origin%3Dhttp%253A%252F%252Fcafef.vn%252Ff3c3b225a045e08%26relation%3Dparent.parent&container_width=85&href=http%3A%2F%2Fcafef.vn%2Fmo-rong-san-bay-noi-day-dang-quy-tu-hang-loat-ong-lon-dia-oc-rot-hang-nghin-ty-dong-vao-bat-dong-san-20191223153049763.chn&layout=button_count&locale=vi_VN&sdk=joey&share=false&show_faces=false&size=small,0,23-12-2019
2019122320191223132918279,20191223132918279,https://www.facebook.com/v2.5/plugins/like.php?action=like&app_id=115279665149396&channel=https%3A%2F%2Fstaticxlie%2Fxd_arbiter.php%3Fversion%3D44%23cb%3Df3defe6b2094794%26domain%3Dcafef.vn%26origin%3Dhttp%253A%252F%252Fcafef.vn%252Ff3c3b225a045e08%26relation%3Dparent.parent&container_width=85&href=http%3A%2F%2Fcafef.vn%2Fsamsora-riverside-to-chuc-le-ban-giao-nha-cho-toan-the-cu-dan-khu-can-ho-20191223132918279.chn&layout=button_count&locale=vi_VN&sdk=joey&share=false&show_faces=false&size=small,0,23-12-2019
2019122320191223141600185,20191223141600185,https://www.facebook.com/v2.5/plugins/like.php?action=like&app_id=115279665149396&channel=https%3A%2F%2Fstaticxlie%2Fxd_arbiter.php%3Fversion%3D44%23cb%3Df3defe6b2094794%26domain%3Dcafef.vn%26origin%3Dhttp%253A%252F%252Fcafef.vn%252Ff3c3b225a045e08%26relation%3Dparent.parent&container_width=85&href=http%3A%2F%2Fcafef.vn%2Fvi-sao-bat-dong-san-tphcm-roi-vao-the-kho-20191223141600185.chn&layout=button_count&locale=vi_VN&sdk=joey&share=false&show_faces=false&size=small,2,23-12-2019
2019122320191223095409232,20191223095409232,https://www.facebook.com/v2.5/plugins/like.php?action=like&app_id=115279665149396&channel=https%3A%2F%2Fstaticxlie%2Fxd_arbiter.php%3Fversion%3D44%23cb%3Df3defe6b2094794%26domain%3Dcafef.vn%26origin%3Dhttp%253A%252F%252Fcafef.vn%252Ff3c3b225a045e08%26relation%3Dparent.parent&container_width=85&href=http%3A%2F%2Fcafef.vn%2Fthach-thuc-bua-vay-doanh-nghiep-bds-tim-giai-phap-xoay-so-truoc-boi-canh-thi-truong-bien-dong-20191223095409232.chn&layout=button_count&locale=vi_VN&sdk=joey&share=false&show_faces=false&size=small,4,23-12-2019
2019122320191223133001107,20191223133001107,https://www.facebook.com/v2.5/plugins/like.php?action=like&app_id=115279665149396&channel=https%3A%2F%2Fstaticxlie%2Fxd_arbiter.php%3Fversion%3D44%23cb%3Df3defe6b2094794%26domain%3Dcafef.vn%26origin%3Dhttp%253A%252F%252Fcafef.vn%252Ff3c3b225a045e08%26relation%3Dparent.parent&container_width=85&href=http%3A%2F%2Fcafef.vn%2Fpland-hop-tac-flchomes-trien-khai-du-an-flc-tropical-city-ha-long-giai-doan-2-20191223133001107.chn&layout=button_count&locale=vi_VN&sdk=joey&share=false&show_faces=false&size=small,27,23-12-2019
2019122320191223133037154,20191223133037154,https://www.facebook.com/v2.5/plugins/like.php?action=like&app_id=115279665149396&channel=https%3A%2F%2Fstaticxlie%2Fxd_arbiter.php%3Fversion%3D44%23cb%3Df3defe6b2094794%26domain%3Dcafef.vn%26origin%3Dhttp%253A%252F%252Fcafef.vn%252Ff3c3b225a045e08%26relation%3Dparent.parent&container_width=85&href=http%3A%2F%2Fcafef.vn%2Feco-green-saigon-bung-no-giao-dich-ngay-ra-mat-toa-can-ho-thu-4-20191223133037154.chn&layout=button_count&locale=vi_VN&sdk=joey&share=false&show_faces=false&size=small,2,23-12-2019
2019122320191223075728654,20191223075728654,https://www.facebook.com/v2.5/plugins/like.php?action=like&app_id=115279665149396&channel=https%3A%2F%2Fstaticxlie%2Fxd_arbiter.php%3Fversion%3D44%23cb%3Df3defe6b2094794%26domain%3Dcafef.vn%26origin%3Dhttp%253A%252F%252Fcafef.vn%252Ff3c3b225a045e08%26relation%3Dparent.parent&container_width=85&href=http%3A%2F%2Fcafef.vn%2Fcam-ranh-bay-hotels-resorts-lap-hat-trick-tai-dot-property-2019-20191223075728654.chn&layout=button_count&locale=vi_VN&sdk=joey&share=false&show_faces=false&size=small,3,23-12-2019
2019122320191222215403717,20191222215403717,https://www.facebook.com/v2.5/plugins/like.php?action=like&app_id=115279665149396&channel=https%3A%2F%2Fstaticxlie%2Fxd_arbiter.php%3Fversion%3D44%23cb%3Df3defe6b2094794%26domain%3Dcafef.vn%26origin%3Dhttp%253A%252F%252Fcafef.vn%252Ff3c3b225a045e08%26relation%3Dparent.parent&container_width=85&href=http%3A%2F%2Fcafef.vn%2Fthi-truong-bat-dong-san-ven-bien-nam-2020-he-lo-huong-di-cua-dong-tien-20191222215403717.chn&layout=button_count&locale=vi_VN&sdk=joey&share=false&show_faces=false&size=small,68,23-12-2019
2019122320191221112023967,20191221112023967,https://www.facebook.com/v2.5/plugins/like.php?action=like&app_id=115279665149396&channel=https%3A%2F%2Fstaticxlie%2Fxd_arbiter.php%3Fversion%3D44%23cb%3Df3defe6b2094794%26domain%3Dcafef.vn%26origin%3Dhttp%253A%252F%252Fcafef.vn%252Ff3c3b225a045e08%26relation%3Dparent.parent&container_width=85&href=http%3A%2F%2Fcafef.vn%2Fthao-dien-investment-doi-ten-thanh-masterise-group-va-ra-mat-masterise-homes-20191221112023967.chn&layout=button_count&locale=vi_VN&sdk=joey&share=false&show_faces=false&size=small,0,23-12-2019
201912232019122310130892,2019122310130892,https://www.facebook.com/v2.5/plugins/like.php?action=like&app_id=115279665149396&channel=https%3A%2F%2Fstaticxlie%2Fxd_arbiter.php%3Fversion%3D44%23cb%3Df3defe6b2094794%26domain%3Dcafef.vn%26origin%3Dhttp%253A%252F%252Fcafef.vn%252Ff3c3b225a045e08%26relation%3Dparent.parent&container_width=85&href=http%3A%2F%2Fcafef.vn%2Ftap-doan-tt-group-de-xuat-dau-tu-du-an-dien-khi-44-ty-usd-va-3-du-an-bds-quy-mo-lon-o-quang-tri-2019122310130892.chn&layout=button_count&locale=vi_VN&sdk=joey&share=false&show_faces=false&size=small,5,23-12-2019
2019122320191223094010592,20191223094010592,https://www.facebook.com/v2.5/plugins/like.php?action=like&app_id=115279665149396&channel=https%3A%2F%2Fstaticxlie%2Fxd_arbiter.php%3Fversion%3D44%23cb%3Df3defe6b2094794%26domain%3Dcafef.vn%26origin%3Dhttp%253A%252F%252Fcafef.vn%252Ff3c3b225a045e08%26relation%3Dparent.parent&container_width=85&href=http%3A%2F%2Fcafef.vn%2Fsau-khi-tang-100000-cu-dan-vinhomes-dien-thoai-vsmart-ty-phu-pham-nhat-vuong-tiep-tuc-choi-lon-tang-luon-o-to-vinfast-cho-nguoi-mua-nha-20191223094010592.chn&layout=button_count&locale=vi_VN&sdk=joey&share=false&show_faces=false&size=small,"3,5K",23-12-2019
2019122320191223085526701,20191223085526701,https://www.facebook.com/v2.5/plugins/like.php?action=like&app_id=115279665149396&channel=https%3A%2F%2Fstaticxlie%2Fxd_arbiter.php%3Fversion%3D44%23cb%3Df3defe6b2094794%26domain%3Dcafef.vn%26origin%3Dhttp%253A%252F%252Fcafef.vn%252Ff3c3b225a045e08%26relation%3Dparent.parent&container_width=85&href=http%3A%2F%2Fcafef.vn%2F6-chieu-lua-mua-ban-dat-nen-20191223085526701.chn&layout=button_count&locale=vi_VN&sdk=joey&share=false&show_faces=false&size=small,302,23-12-2019
201912232019122308410617,2019122308410617,https://www.facebook.com/v2.5/plugins/like.php?action=like&app_id=115279665149396&channel=https%3A%2F%2Fstaticxlie%2Fxd_arbiter.php%3Fversion%3D44%23cb%3Df3defe6b2094794%26domain%3Dcafef.vn%26origin%3Dhttp%253A%252F%252Fcafef.vn%252Ff3c3b225a045e08%26relation%3Dparent.parent&container_width=85&href=http%3A%2F%2Fcafef.vn%2Fde-xuat-thi-tuyen-phuong-an-cai-tao-chung-cu-cu-2019122308410617.chn&layout=button_count&locale=vi_VN&sdk=joey&share=false&show_faces=false&size=small,36,23-12-2019
2019122320191222202609701,20191222202609701,https://www.facebook.com/v2.5/plugins/like.php?action=like&app_id=115279665149396&channel=https%3A%2F%2Fstaticxlie%2Fxd_arbiter.php%3Fversion%3D44%23cb%3Df3defe6b2094794%26domain%3Dcafef.vn%26origin%3Dhttp%253A%252F%252Fcafef.vn%252Ff3c3b225a045e08%26relation%3Dparent.parent&container_width=85&href=http%3A%2F%2Fcafef.vn%2Fnguon-cung-moi-ruc-rich-bung-hang-tren-thi-truong-dia-oc-tphcm-cuoi-nam-20191222202609701.chn&layout=button_count&locale=vi_VN&sdk=joey&share=false&show_faces=false&size=small,23,23-12-2019
2019122320191223075705904,20191223075705904,https://www.facebook.com/v2.5/plugins/like.php?action=like&app_id=115279665149396&channel=https%3A%2F%2Fstaticxlie%2Fxd_arbiter.php%3Fversion%3D44%23cb%3Df3defe6b2094794%26domain%3Dcafef.vn%26origin%3Dhttp%253A%252F%252Fcafef.vn%252Ff3c3b225a045e08%26relation%3Dparent.parent&container_width=85&href=http%3A%2F%2Fcafef.vn%2Fmipec-rubik360-tung-bung-khai-truong-vpbh-can-ho-mau-tai-122-124-xuan-thuy-20191223075705904.chn&layout=button_count&locale=vi_VN&sdk=joey&share=false&show_faces=false&size=small,59,23-12-2019
2019122320191216165711826,20191216165711826,https://www.facebook.com/v2.5/plugins/like.php?action=like&app_id=115279665149396&channel=https%3A%2F%2Fstaticxlie%2Fxd_arbiter.php%3Fversion%3D44%23cb%3Df3defe6b2094794%26domain%3Dcafef.vn%26origin%3Dhttp%253A%252F%252Fcafef.vn%252Ff3c3b225a045e08%26relation%3Dparent.parent&container_width=85&href=http%3A%2F%2Fcafef.vn%2Fbinh-duong-gia-dat-tang-manh-nguoi-lao-dong-kho-so-huu-dat-nen-nha-pho-20191216165711826.chn&layout=button_count&locale=vi_VN&sdk=joey&share=false&show_faces=false&size=small,57,23-12-2019
2019122320191219164105685,20191219164105685,https://www.facebook.com/v2.5/plugins/like.php?action=like&app_id=115279665149396&channel=https%3A%2F%2Fstaticxlie%2Fxd_arbiter.php%3Fversion%3D44%23cb%3Df3defe6b2094794%26domain%3Dcafef.vn%26origin%3Dhttp%253A%252F%252Fcafef.vn%252Ff3c3b225a045e08%26relation%3Dparent.parent&container_width=85&href=http%3A%2F%2Fcafef.vn%2Fkhai-thac-dich-vu-luu-tru-lien-ketphcm-co-hoi-sinh-loi-hap-dan-20191219164105685.chn&layout=button_count&locale=vi_VN&sdk=joey&share=false&show_faces=false&size=small,3,23-12-2019
2019122320191222082504201,20191222082504201,https://www.facebook.com/v2.5/plugins/like.php?action=like&app_id=115279665149396&channel=https%3A%2F%2Fstaticxlie%2Fxd_arbiter.php%3Fversion%3D44%23cb%3Df3defe6b2094794%26domain%3Dcafef.vn%26origin%3Dhttp%253A%252F%252Fcafef.vn%252Ff3c3b225a045e08%26relation%3Dparent.parent&container_width=85&href=http%3A%2F%2Fcafef.vn%2Fnha-go-do-luon-ruc-ro-cang-vao-trong-cang-dep-bat-ngo-20191222082504201.chn&layout=button_count&locale=vi_VN&sdk=joey&share=false&show_faces=false&size=small,15,23-12-2019
2019122320191222083051763,20191222083051763,https://www.facebook.com/v2.5/plugins/like.php?action=like&app_id=115279665149396&channel=https%3A%2F%2Fstaticxlie%2Fxd_arbiter.php%3Fversion%3D44%23cb%3Df3defe6b2094794%26domain%3Dcafef.vn%26origin%3Dhttp%253A%252F%252Fcafef.vn%252Ff3c3b225a045e08%26relation%3Dparent.parent&container_width=85&href=http%3A%2F%2Fcafef.vn%2Fha-noi-tin-hieu-moi-cai-tao-chung-cu-cu-20191222083051763.chn&layout=button_count&locale=vi_VN&sdk=joey&share=false&show_faces=false&size=small,13,23-12-2019
2019122320191222082721107,20191222082721107,https://www.facebook.com/v2.5/plugins/like.php?action=like&app_id=115279665149396&channel=https%3A%2F%2Fstaticxlie%2Fxd_arbiter.php%3Fversion%3D44%23cb%3Df3defe6b2094794%26domain%3Dcafef.vn%26origin%3Dhttp%253A%252F%252Fcafef.vn%252Ff3c3b225a045e08%26relation%3Dparent.parent&container_width=85&href=http%3A%2F%2Fcafef.vn%2Fxu-nghiem-sai-pham-de-dep-nan-vi-pham-xay-dung-tai-tp-hcm-20191222082721107.chn&layout=button_count&locale=vi_VN&sdk=joey&share=false&show_faces=false&size=small,37,23-12-2019
201912232019122315375281,2019122315375281,https://www.facebook.com/v2.5/plugins/like.php?action=like&app_id=115279665149396&channel=https%3A%2F%2Fstaticxlie%2Fxd_arbiter.php%3Fversion%3D44%23cb%3Df3defe6b2094794%26domain%3Dcafef.vn%26origin%3Dhttp%253A%252F%252Fcafef.vn%252Ff3c3b225a045e08%26relation%3Dparent.parent&container_width=85&href=http%3A%2F%2Fcafef.vn%2Fvingroup-muon-chinh-phu-ho-tro-dac-biet-ve-thue-phi-de-phat-trien-oto-2019122315375281.chn&layout=button_count&locale=vi_VN&sdk=joey&share=false&show_faces=false&size=small,12,23-12-2019
2019122320191223142953138,20191223142953138,https://www.facebook.com/v2.5/plugins/like.php?action=like&app_id=115279665149396&channel=https%3A%2F%2Fstaticxlie%2Fxd_arbiter.php%3Fversion%3D44%23cb%3Df3defe6b2094794%26domain%3Dcafef.vn%26origin%3Dhttp%253A%252F%252Fcafef.vn%252Ff3c3b225a045e08%26relation%3Dparent.parent&container_width=85&href=http%3A%2F%2Fcafef.vn%2Fmot-tap-doan-bat-dong-san-tai-tro-100-ty-dong-cho-tuyen-bong-da-nu-viet-nam-20191223142953138.chn&layout=button_count&locale=vi_VN&sdk=joey&share=false&show_faces=false&size=small,299,23-12-2019
2019122320191223115359045,20191223115359045,https://www.facebook.com/v2.5/plugins/like.php?action=like&app_id=115279665149396&channel=https%3A%2F%2Fstaticxlie%2Fxd_arbiter.php%3Fversion%3D44%23cb%3Df3defe6b2094794%26domain%3Dcafef.vn%26origin%3Dhttp%253A%252F%252Fcafef.vn%252Ff3c3b225a045e08%26relation%3Dparent.parent&container_width=85&href=http%3A%2F%2Fcafef.vn%2Fdot-pha-bao-hiem-suc-khoe-nay-co-the-mua-tai-cua-hang-ship-cod-hay-giao-hang-truc-tuyen-20191223115359045.chn&layout=button_count&locale=vi_VN&sdk=joey&share=false&show_faces=false&size=small,18,23-12-2019
2019122320191220173302467,20191220173302467,https://www.facebook.com/v2.5/plugins/like.php?action=like&app_id=115279665149396&channel=https%3A%2F%2Fstaticxlie%2Fxd_arbiter.php%3Fversion%3D44%23cb%3Df3defe6b2094794%26domain%3Dcafef.vn%26origin%3Dhttp%253A%252F%252Fcafef.vn%252Ff3c3b225a045e08%26relation%3Dparent.parent&container_width=85&href=http%3A%2F%2Fcafef.vn%2Ftap-doan-hoa-sen-khang-dinh-khong-bi-anh-huong-khi-my-ap-thue-4562-doi-voi-thep-chong-an-mon-su-dung-thep-nen-tu-han-quoc-dai-loan-20191220173302467.chn&layout=button_count&locale=vi_VN&sdk=joey&share=false&show_faces=false&size=small,94,23-12-2019
2019122320191218125719592,20191218125719592,https://www.facebook.com/v2.5/plugins/like.php?action=like&app_id=115279665149396&channel=https%3A%2F%2Fstaticxlie%2Fxd_arbiter.php%3Fversion%3D44%23cb%3Df3defe6b2094794%26domain%3Dcafef.vn%26origin%3Dhttp%253A%252F%252Fcafef.vn%252Ff3c3b225a045e08%26relation%3Dparent.parent&container_width=85&href=http%3A%2F%2Fcafef.vn%2Fcac-cong-ty-cho-thue-tai-chinh-can-chuan-bi-gi-trong-thoi-ky-so-hoa-20191218125719592.chn&layout=button_count&locale=vi_VN&sdk=joey&share=false&show_faces=false&size=small,23,23-12-2019
2019122320191222235200342,20191222235200342,https://www.facebook.com/v2.5/plugins/like.php?action=like&app_id=115279665149396&channel=https%3A%2F%2Fstaticxlie%2Fxd_arbiter.php%3Fversion%3D44%23cb%3Df3defe6b2094794%26domain%3Dcafef.vn%26origin%3Dhttp%253A%252F%252Fcafef.vn%252Ff3c3b225a045e08%26relation%3Dparent.parent&container_width=85&href=http%3A%2F%2Fcafef.vn%2Fbong-dang-novaland-dang-sau-lo-trai-phieu-2700-ty-cua-da-lat-valley-20191222235200342.chn&layout=button_count&locale=vi_VN&sdk=joey&share=false&show_faces=false&size=small,11,23-12-2019
2019122320191222114509638,20191222114509638,https://www.facebook.com/v2.5/plugins/like.php?action=like&app_id=115279665149396&channel=https%3A%2F%2Fstaticxlie%2Fxd_arbiter.php%3Fversion%3D44%23cb%3Df3defe6b2094794%26domain%3Dcafef.vn%26origin%3Dhttp%253A%252F%252Fcafef.vn%252Ff3c3b225a045e08%26relation%3Dparent.parent&container_width=85&href=http%3A%2F%2Fcafef.vn%2Fadayroi-cua-vingroup-bien-tam-thu-chinh-thuc-ngung-ban-hang-nham-nang-cap-mang-tmdt-thanh-mo-hinh-new-retails-20191222114509638.chn&layout=button_count&locale=vi_VN&sdk=joey&share=false&show_faces=false&size=small,12,23-12-2019
2019122320191222110925857,20191222110925857,https://www.facebook.com/v2.5/plugins/like.php?action=like&app_id=115279665149396&channel=https%3A%2F%2Fstaticxlie%2Fxd_arbiter.php%3Fversion%3D44%23cb%3Df3defe6b2094794%26domain%3Dcafef.vn%26origin%3Dhttp%253A%252F%252Fcafef.vn%252Ff3c3b225a045e08%26relation%3Dparent.parent&container_width=85&href=http%3A%2F%2Fcafef.vn%2Fe-coffee-dang-giup-trung-nguyen-tung-buoc-lay-lai-ngoi-vi-ba-chu-chuoi-toc-do-dang-ky-mo-moi-10-cua-hang-ngay-nham-moc-3000-diem-ban-trong-nam-toi-da-ky-hop-dong-voi-doi-tac-tai-my-va-uc-20191222110925857.chn&layout=button_count&locale=vi_VN&sdk=joey&share=false&show_faces=false&size=small,"3,1K",23-12-2019
2019122320191221223603513,20191221223603513,https://www.facebook.com/v2.5/plugins/like.php?action=like&app_id=115279665149396&channel=https%3A%2F%2Fstaticxlie%2Fxd_arbiter.php%3Fversion%3D44%23cb%3Df3defe6b2094794%26domain%3Dcafef.vn%26origin%3Dhttp%253A%252F%252Fcafef.vn%252Ff3c3b225a045e08%26relation%3Dparent.parent&container_width=85&href=http%3A%2F%2Fcafef.vn%2Ffounder-okiva-bo-viec-o-uc-ve-viet-nam-khoi-nghiep-nhan-khoan-dau-tu-40000-usd-tu-vietnam-silicon-valley-20191221223603513.chn&layout=button_count&locale=vi_VN&sdk=joey&share=false&show_faces=false&size=small,76,23-12-2019
201912232019122122014306,2019122122014306,https://www.facebook.com/v2.5/plugins/like.php?action=like&app_id=115279665149396&channel=https%3A%2F%2Fstaticxlie%2Fxd_arbiter.php%3Fversion%3D44%23cb%3Df3defe6b2094794%26domain%3Dcafef.vn%26origin%3Dhttp%253A%252F%252Fcafef.vn%252Ff3c3b225a045e08%26relation%3Dparent.parent&container_width=85&href=http%3A%2F%2Fcafef.vn%2Fty-phu-pham-nhat-vuong-tang-moi-cu-dan-vinhomes-mot-dien-thoai-vsmart-nhan-dip-nam-moi-2019122122014306.chn&layout=button_count&locale=vi_VN&sdk=joey&share=false&show_faces=false&size=small,10K,23-12-2019
201912232019122109060467,2019122109060467,https://www.facebook.com/v2.5/plugins/like.php?action=like&app_id=115279665149396&channel=https%3A%2F%2Fstaticxlie%2Fxd_arbiter.php%3Fversion%3D44%23cb%3Df3defe6b2094794%26domain%3Dcafef.vn%26origin%3Dhttp%253A%252F%252Fcafef.vn%252Ff3c3b225a045e08%26relation%3Dparent.parent&container_width=85&href=http%3A%2F%2Fcafef.vn%2Ftoan-canh-buc-tranh-tmdt-nam-2019-tu-hung-tranh-ba-shopee-tiki-lazada-sendo-viettel-gia-nhap-cuoc-dua-vingroup-tu-bo-san-dau-2019122109060467.chn&layout=button_count&locale=vi_VN&sdk=joey&share=false&show_faces=false&size=small,11,23-12-2019
2019122320191221102626998,20191221102626998,https://www.facebook.com/v2.5/plugins/like.php?action=like&app_id=115279665149396&channel=https%3A%2F%2Fstaticxlie%2Fxd_arbiter.php%3Fversion%3D44%23cb%3Df3defe6b2094794%26domain%3Dcafef.vn%26origin%3Dhttp%253A%252F%252Fcafef.vn%252Ff3c3b225a045e08%26relation%3Dparent.parent&container_width=85&href=http%3A%2F%2Fcafef.vn%2Fvi-sao-shopeeexpress-giao-hang-4h-tikinow-giao-2h-con-grab-di-voi-sendo-thi-giao-trong-3h-nhung-grab-ket-hop-shopee-lai-co-the-giao-trong-1h-20191221102626998.chn&layout=button_count&locale=vi_VN&sdk=joey&share=false&show_faces=false&size=small,5,23-12-2019
2019122320191220094328138,20191220094328138,https://www.facebook.com/v2.5/plugins/like.php?action=like&app_id=115279665149396&channel=https%3A%2F%2Fstaticxlie%2Fxd_arbiter.php%3Fversion%3D44%23cb%3Df3defe6b2094794%26domain%3Dcafef.vn%26origin%3Dhttp%253A%252F%252Fcafef.vn%252Ff3c3b225a045e08%26relation%3Dparent.parent&container_width=85&href=http%3A%2F%2Fcafef.vn%2Fgiai-ma-nhung-vo-nga-dau-cua-loat-ung-vien-co-hoi-cho-ai-ra-ve-tay-trang-20191220094328138.chn&layout=button_count&locale=vi_VN&sdk=joey&share=false&show_faces=false&size=small,68,23-12-2019
2019122320191220105234513,20191220105234513,https://www.facebook.com/v2.5/plugins/like.php?action=like&app_id=115279665149396&channel=https%3A%2F%2Fstaticxlie%2Fxd_arbiter.php%3Fversion%3D44%23cb%3Df3defe6b2094794%26domain%3Dcafef.vn%26origin%3Dhttp%253A%252F%252Fcafef.vn%252Ff3c3b225a045e08%26relation%3Dparent.parent&container_width=85&href=http%3A%2F%2Fcafef.vn%2F6-tieu-chi-vang-lua-chon-khoa-cua-thong-minh-20191220105234513.chn&layout=button_count&locale=vi_VN&sdk=joey&share=false&show_faces=false&size=small,12,23-12-2019
2019122320191220222748451,20191220222748451,https://www.facebook.com/v2.5/plugins/like.php?action=like&app_id=115279665149396&channel=https%3A%2F%2Fstaticxlie%2Fxd_arbiter.php%3Fversion%3D44%23cb%3Df3defe6b2094794%26domain%3Dcafef.vn%26origin%3Dhttp%253A%252F%252Fcafef.vn%252Ff3c3b225a045e08%26relation%3Dparent.parent&container_width=85&href=http%3A%2F%2Fcafef.vn%2Fnhin-thau-ban-chat-vinpro-la-loi-the-khong-lo-cho-vsmart-nhung-tai-sao-vingroup-khong-tan-dung-ma-lai-dem-giai-the-20191220222748451.chn&layout=button_count&locale=vi_VN&sdk=joey&share=false&show_faces=false&size=small,"2,7K",23-12-2019
201912232019122014591331,2019122014591331,https://www.facebook.com/v2.5/plugins/like.php?action=like&app_id=115279665149396&channel=https%3A%2F%2Fstaticxlie%2Fxd_arbiter.php%3Fversion%3D44%23cb%3Df3defe6b2094794%26domain%3Dcafef.vn%26origin%3Dhttp%253A%252F%252Fcafef.vn%252Ff3c3b225a045e08%26relation%3Dparent.parent&container_width=85&href=http%3A%2F%2Fcafef.vn%2Fthe-gioi-di-dong-dat-3542-ty-loi-nhuan-sau-11-thang-nam-2020-du-kien-dien-may-van-la-nganh-dong-gop-chinh-2019122014591331.chn&layout=button_count&locale=vi_VN&sdk=joey&share=false&show_faces=false&size=small,58,23-12-2019
2019122320191220203945795,20191220203945795,https://www.facebook.com/v2.5/plugins/like.php?action=like&app_id=115279665149396&channel=https%3A%2F%2Fstaticxlie%2Fxd_arbiter.php%3Fversion%3D44%23cb%3Df3defe6b2094794%26domain%3Dcafef.vn%26origin%3Dhttp%253A%252F%252Fcafef.vn%252Ff3c3b225a045e08%26relation%3Dparent.parent&container_width=85&href=http%3A%2F%2Fcafef.vn%2Fmasan-group-muon-huy-dong-10000-ty-trai-phieu-de-bo-sung-von-cho-cac-cong-ty-con-20191220203945795.chn&layout=button_count&locale=vi_VN&sdk=joey&share=false&show_faces=false&size=small,35,23-12-2019
2019122320191223144817404,20191223144817404,https://www.facebook.com/v2.5/plugins/like.php?action=like&app_id=115279665149396&channel=https%3A%2F%2Fstaticxlie%2Fxd_arbiter.php%3Fversion%3D44%23cb%3Df3defe6b2094794%26domain%3Dcafef.vn%26origin%3Dhttp%253A%252F%252Fcafef.vn%252Ff3c3b225a045e08%26relation%3Dparent.parent&container_width=85&href=http%3A%2F%2Fcafef.vn%2Fdanh-sap-duong-day-lua-dao-trung-thuong-qua-dien-thoai-20191223144817404.chn&layout=button_count&locale=vi_VN&sdk=joey&share=false&show_faces=false&size=small,1,23-12-2019
2019122320191223123948435,20191223123948435,https://www.facebook.com/v2.5/plugins/like.php?action=like&app_id=115279665149396&channel=https%3A%2F%2Fstaticxlie%2Fxd_arbiter.php%3Fversion%3D44%23cb%3Df3defe6b2094794%26domain%3Dcafef.vn%26origin%3Dhttp%253A%252F%252Fcafef.vn%252Ff3c3b225a045e08%26relation%3Dparent.parent&container_width=85&href=http%3A%2F%2Fcafef.vn%2Fthe-dong-thuong-hieu-dac-quyen-chien-luoc-moi-cua-hang-bay-va-ngan-hang-20191223123948435.chn&layout=button_count&locale=vi_VN&sdk=joey&share=false&show_faces=false&size=small,1,23-12-2019
2019122320191223100429623,20191223100429623,https://www.facebook.com/v2.5/plugins/like.php?action=like&app_id=115279665149396&channel=https%3A%2F%2Fstaticxlie%2Fxd_arbiter.php%3Fversion%3D44%23cb%3Df3defe6b2094794%26domain%3Dcafef.vn%26origin%3Dhttp%253A%252F%252Fcafef.vn%252Ff3c3b225a045e08%26relation%3Dparent.parent&container_width=85&href=http%3A%2F%2Fcafef.vn%2Fthu-doan-rut-trom-tien-ty-o-cac-tru-atm-cua-nhom-toi-pham-xuyen-quoc-gia-20191223100429623.chn&layout=button_count&locale=vi_VN&sdk=joey&share=false&show_faces=false&size=small,26,23-12-2019
2019122320191223104108529,20191223104108529,https://www.facebook.com/v2.5/plugins/like.php?action=like&app_id=115279665149396&channel=https%3A%2F%2Fstaticxlie%2Fxd_arbiter.php%3Fversion%3D44%23cb%3Df3defe6b2094794%26domain%3Dcafef.vn%26origin%3Dhttp%253A%252F%252Fcafef.vn%252Ff3c3b225a045e08%26relation%3Dparent.parent&container_width=85&href=http%3A%2F%2Fcafef.vn%2Fong-dang-van-thanh-se-tro-lai-sacombank-20191223104108529.chn&layout=button_count&locale=vi_VN&sdk=joey&share=false&show_faces=false&size=small,209,23-12-2019
2019122320191223103100013,20191223103100013,https://www.facebook.com/v2.5/plugins/like.php?action=like&app_id=115279665149396&channel=https%3A%2F%2Fstaticxlie%2Fxd_arbiter.php%3Fversion%3D44%23cb%3Df3defe6b2094794%26domain%3Dcafef.vn%26origin%3Dhttp%253A%252F%252Fcafef.vn%252Ff3c3b225a045e08%26relation%3Dparent.parent&container_width=85&href=http%3A%2F%2Fcafef.vn%2Fsau-khi-tang-gia-chong-mat-trong-2019-dong-baht-thai-lan-dang-duoi-dan-20191223103100013.chn&layout=button_count&locale=vi_VN&sdk=joey&share=false&show_faces=false&size=small,1,23-12-2019
2019122320191223125550717,20191223125550717,https://www.facebook.com/v2.5/plugins/like.php?action=like&app_id=115279665149396&channel=https%3A%2F%2Fstaticxlie%2Fxd_arbiter.php%3Fversion%3D44%23cb%3Df3defe6b2094794%26domain%3Dcafef.vn%26origin%3Dhttp%253A%252F%252Fcafef.vn%252Ff3c3b225a045e08%26relation%3Dparent.parent&container_width=85&href=http%3A%2F%2Fcafef.vn%2Fduong-vong-de-hop-thuc-hoa-dong-tien-20191223125550717.chn&layout=button_count&locale=vi_VN&sdk=joey&share=false&show_faces=false&size=small,10,23-12-2019
201912232019122309300117,2019122309300117,https://www.facebook.com/v2.5/plugins/like.php?action=like&app_id=115279665149396&channel=https%3A%2F%2Fstaticxlie%2Fxd_arbiter.php%3Fversion%3D44%23cb%3Df3defe6b2094794%26domain%3Dcafef.vn%26origin%3Dhttp%253A%252F%252Fcafef.vn%252Ff3c3b225a045e08%26relation%3Dparent.parent&container_width=85&href=http%3A%2F%2Fcafef.vn%2Fcanh-bao-thu-doan-mao-danh-ngan-hang-de-lua-dao-qua-mang-2019122309300117.chn&layout=button_count&locale=vi_VN&sdk=joey&share=false&show_faces=false&size=small,3,23-12-2019
2019122320191223084035279,20191223084035279,https://www.facebook.com/v2.5/plugins/like.php?action=like&app_id=115279665149396&channel=https%3A%2F%2Fstaticxlie%2Fxd_arbiter.php%3Fversion%3D44%23cb%3Df3defe6b2094794%26domain%3Dcafef.vn%26origin%3Dhttp%253A%252F%252Fcafef.vn%252Ff3c3b225a045e08%26relation%3Dparent.parent&container_width=85&href=http%3A%2F%2Fcafef.vn%2Fbung-no-thi-truong-tpdn-bo-tai-chinh-va-nhnn-dang-lam-gi-20191223084035279.chn&layout=button_count&locale=vi_VN&sdk=joey&share=false&show_faces=false&size=small,13,23-12-2019
2019122320191223080428482,20191223080428482,https://www.facebook.com/v2.5/plugins/like.php?action=like&app_id=115279665149396&channel=https%3A%2F%2Fstaticxlie%2Fxd_arbiter.php%3Fversion%3D44%23cb%3Df3defe6b2094794%26domain%3Dcafef.vn%26origin%3Dhttp%253A%252F%252Fcafef.vn%252Ff3c3b225a045e08%26relation%3Dparent.parent&container_width=85&href=http%3A%2F%2Fcafef.vn%2Fgia-vang-duoc-du-doan-se-tang-trong-tuan-nay-20191223080428482.chn&layout=button_count&locale=vi_VN&sdk=joey&share=false&show_faces=false&size=small,0,23-12-2019
2019122320191221112309607,20191221112309607,https://www.facebook.com/v2.5/plugins/like.php?action=like&app_id=115279665149396&channel=https%3A%2F%2Fstaticxlie%2Fxd_arbiter.php%3Fversion%3D44%23cb%3Df3defe6b2094794%26domain%3Dcafef.vn%26origin%3Dhttp%253A%252F%252Fcafef.vn%252Ff3c3b225a045e08%26relation%3Dparent.parent&container_width=85&href=http%3A%2F%2Fcafef.vn%2Fhon-50-tinh-nang-moi-duoc-cap-nhat-vietinbank-ipay-mobile-dich-thi-la-ung-dung-tai-chinh-dang-review-20191221112309607.chn&layout=button_count&locale=vi_VN&sdk=joey&share=false&show_faces=false&size=small,32,23-12-2019
2019122320191223073612076,20191223073612076,https://www.facebook.com/v2.5/plugins/like.php?action=like&app_id=115279665149396&channel=https%3A%2F%2Fstaticxlie%2Fxd_arbiter.php%3Fversion%3D44%23cb%3Df3defe6b2094794%26domain%3Dcafef.vn%26origin%3Dhttp%253A%252F%252Fcafef.vn%252Ff3c3b225a045e08%26relation%3Dparent.parent&container_width=85&href=http%3A%2F%2Fcafef.vn%2Fcao-diem-tai-co-cau-ngan-hang-nam-2020-20191223073612076.chn&layout=button_count&locale=vi_VN&sdk=joey&share=false&show_faces=false&size=small,8,23-12-2019
2019122320191222201705279,20191222201705279,https://www.facebook.com/v2.5/plugins/like.php?action=like&app_id=115279665149396&channel=https%3A%2F%2Fstaticxlie%2Fxd_arbiter.php%3Fversion%3D44%23cb%3Df3defe6b2094794%26domain%3Dcafef.vn%26origin%3Dhttp%253A%252F%252Fcafef.vn%252Ff3c3b225a045e08%26relation%3Dparent.parent&container_width=85&href=http%3A%2F%2Fcafef.vn%2Focb-chinh-thuc-kinh-doanh-cung-ung-san-pham-phai-sinh-lai-suat-20191222201705279.chn&layout=button_count&locale=vi_VN&sdk=joey&share=false&show_faces=false&size=small,3,23-12-2019
2019122320191222153249154,20191222153249154,https://www.facebook.com/v2.5/plugins/like.php?action=like&app_id=115279665149396&channel=https%3A%2F%2Fstaticxlie%2Fxd_arbiter.php%3Fversion%3D44%23cb%3Df3defe6b2094794%26domain%3Dcafef.vn%26origin%3Dhttp%253A%252F%252Fcafef.vn%252Ff3c3b225a045e08%26relation%3Dparent.parent&container_width=85&href=http%3A%2F%2Fcafef.vn%2Ftin-dung-den-bien-tuong-tinh-vi-lai-suat-cat-co-kho-xoa-triet-de-20191222153249154.chn&layout=button_count&locale=vi_VN&sdk=joey&share=false&show_faces=false&size=small,2,23-12-2019
2019122320191222153925795,20191222153925795,https://www.facebook.com/v2.5/plugins/like.php?action=like&app_id=115279665149396&channel=https%3A%2F%2Fstaticxlie%2Fxd_arbiter.php%3Fversion%3D44%23cb%3Df3defe6b2094794%26domain%3Dcafef.vn%26origin%3Dhttp%253A%252F%252Fcafef.vn%252Ff3c3b225a045e08%26relation%3Dparent.parent&container_width=85&href=http%3A%2F%2Fcafef.vn%2Fsot-tien-usd-hinh-chuot-vang-20191222153925795.chn&layout=button_count&locale=vi_VN&sdk=joey&share=false&show_faces=false&size=small,17,23-12-2019
2019122320191222112056388,20191222112056388,https://www.facebook.com/v2.5/plugins/like.php?action=like&app_id=115279665149396&channel=https%3A%2F%2Fstaticxlie%2Fxd_arbiter.php%3Fversion%3D44%23cb%3Df3defe6b2094794%26domain%3Dcafef.vn%26origin%3Dhttp%253A%252F%252Fcafef.vn%252Ff3c3b225a045e08%26relation%3Dparent.parent&container_width=85&href=http%3A%2F%2Fcafef.vn%2Fba-dau-an-ty-usd-va-3-cuoc-dua-nong-nhat-viet-nam-20191222112056388.chn&layout=button_count&locale=vi_VN&sdk=joey&share=false&show_faces=false&size=small,4,23-12-2019
2019122320191222005338998,20191222005338998,https://www.facebook.com/v2.5/plugins/like.php?action=like&app_id=115279665149396&channel=https%3A%2F%2Fstaticxlie%2Fxd_arbiter.php%3Fversion%3D44%23cb%3Df3defe6b2094794%26domain%3Dcafef.vn%26origin%3Dhttp%253A%252F%252Fcafef.vn%252Ff3c3b225a045e08%26relation%3Dparent.parent&container_width=85&href=http%3A%2F%2Fcafef.vn%2Fnhin-lai-nhung-thay-doi-chinh-sach-lai-suat-quan-trong-nam-2019-20191222005338998.chn&layout=button_count&locale=vi_VN&sdk=joey&share=false&show_faces=false&size=small,6,23-12-2019
2019122320191222080130842,20191222080130842,https://www.facebook.com/v2.5/plugins/like.php?action=like&app_id=115279665149396&channel=https%3A%2F%2Fstaticxlie%2Fxd_arbiter.php%3Fversion%3D44%23cb%3Df3defe6b2094794%26domain%3Dcafef.vn%26origin%3Dhttp%253A%252F%252Fcafef.vn%252Ff3c3b225a045e08%26relation%3Dparent.parent&container_width=85&href=http%3A%2F%2Fcafef.vn%2Fmua-tien-gia-tren-mang-de-bi-xu-ly-hinh-su-20191222080130842.chn&layout=button_count&locale=vi_VN&sdk=joey&share=false&show_faces=false&size=small,0,23-12-2019
2019122320191221235703123,20191221235703123,https://www.facebook.com/v2.5/plugins/like.php?action=like&app_id=115279665149396&channel=https%3A%2F%2Fstaticxlie%2Fxd_arbiter.php%3Fversion%3D44%23cb%3Df3defe6b2094794%26domain%3Dcafef.vn%26origin%3Dhttp%253A%252F%252Fcafef.vn%252Ff3c3b225a045e08%26relation%3Dparent.parent&container_width=85&href=http%3A%2F%2Fcafef.vn%2Fnhieu-ngan-hang-bao-lai-vuot-ke-hoach-nam-20191221235703123.chn&layout=button_count&locale=vi_VN&sdk=joey&share=false&show_faces=false&size=small,106,23-12-2019
2019122320191221213315592,20191221213315592,https://www.facebook.com/v2.5/plugins/like.php?action=like&app_id=115279665149396&channel=https%3A%2F%2Fstaticxlie%2Fxd_arbiter.php%3Fversion%3D44%23cb%3Df3defe6b2094794%26domain%3Dcafef.vn%26origin%3Dhttp%253A%252F%252Fcafef.vn%252Ff3c3b225a045e08%26relation%3Dparent.parent&container_width=85&href=http%3A%2F%2Fcafef.vn%2Fcanh-giac-manh-sieu-lua-hack-tai-khoan-trom-tien-trong-ngan-hang-20191221213315592.chn&layout=button_count&locale=vi_VN&sdk=joey&share=false&show_faces=false&size=small,49,23-12-2019
2019122320191223133043998,20191223133043998,https://www.facebook.com/v2.5/plugins/like.php?action=like&app_id=115279665149396&channel=https%3A%2F%2Fstaticxlie%2Fxd_arbiter.php%3Fversion%3D44%23cb%3Df3defe6b2094794%26domain%3Dcafef.vn%26origin%3Dhttp%253A%252F%252Fcafef.vn%252Ff3c3b225a045e08%26relation%3Dparent.parent&container_width=85&href=http%3A%2F%2Fcafef.vn%2Fdecoupling-duoc-binh-chon-la-tu-cua-nam-2019-cuoc-chien-giua-cac-vi-sao-va-1-the-gioi-dang-ran-nut-thay-vi-gan-ket-20191223133043998.chn&layout=button_count&locale=vi_VN&sdk=joey&share=false&show_faces=false&size=small,42,23-12-2019
2019122320191223113824576,20191223113824576,https://www.facebook.com/v2.5/plugins/like.php?action=like&app_id=115279665149396&channel=https%3A%2F%2Fstaticxlie%2Fxd_arbiter.php%3Fversion%3D44%23cb%3Df3defe6b2094794%26domain%3Dcafef.vn%26origin%3Dhttp%253A%252F%252Fcafef.vn%252Ff3c3b225a045e08%26relation%3Dparent.parent&container_width=85&href=http%3A%2F%2Fcafef.vn%2Fnhin-lai-nam-2019-qua-nhung-hinh-anh-day-xuc-dong-20191223113824576.chn&layout=button_count&locale=vi_VN&sdk=joey&share=false&show_faces=false&size=small,57,23-12-2019
2019122320191223094839201,20191223094839201,https://www.facebook.com/v2.5/plugins/like.php?action=like&app_id=115279665149396&channel=https%3A%2F%2Fstaticxlie%2Fxd_arbiter.php%3Fversion%3D44%23cb%3Df3defe6b2094794%26domain%3Dcafef.vn%26origin%3Dhttp%253A%252F%252Fcafef.vn%252Ff3c3b225a045e08%26relation%3Dparent.parent&container_width=85&href=http%3A%2F%2Fcafef.vn%2Fsau-khi-tang-gia-chong-mat-trong-2019-dong-baht-thai-lan-dang-duoi-dan-20191223094839201.chn&layout=button_count&locale=vi_VN&sdk=joey&share=false&show_faces=false&size=small,0,23-12-2019
201912232019122309550356,2019122309550356,https://www.facebook.com/v2.5/plugins/like.php?action=like&app_id=115279665149396&channel=https%3A%2F%2Fstaticxlie%2Fxd_arbiter.php%3Fversion%3D44%23cb%3Df3defe6b2094794%26domain%3Dcafef.vn%26origin%3Dhttp%253A%252F%252Fcafef.vn%252Ff3c3b225a045e08%26relation%3Dparent.parent&container_width=85&href=http%3A%2F%2Fcafef.vn%2Fcuu-ceo-travis-kalanick-sap-ban-sach-co-phieu-uber-2019122309550356.chn&layout=button_count&locale=vi_VN&sdk=joey&share=false&show_faces=false&size=small,0,23-12-2019
2019122320191223100046467,20191223100046467,https://www.facebook.com/v2.5/plugins/like.php?action=like&app_id=115279665149396&channel=https%3A%2F%2Fstaticxlie%2Fxd_arbiter.php%3Fversion%3D44%23cb%3Df3defe6b2094794%26domain%3Dcafef.vn%26origin%3Dhttp%253A%252F%252Fcafef.vn%252Ff3c3b225a045e08%26relation%3Dparent.parent&container_width=85&href=http%3A%2F%2Fcafef.vn%2Ftrung-quoc-giam-thue-nhap-khau-doi-voi-nhieu-mat-hang-trong-do-co-thit-lon-dong-lanh-20191223100046467.chn&layout=button_count&locale=vi_VN&sdk=joey&share=false&show_faces=false&size=small,0,23-12-2019
2019122320191223091709904,20191223091709904,https://www.facebook.com/v2.5/plugins/like.php?action=like&app_id=115279665149396&channel=https%3A%2F%2Fstaticxlie%2Fxd_arbiter.php%3Fversion%3D44%23cb%3Df3defe6b2094794%26domain%3Dcafef.vn%26origin%3Dhttp%253A%252F%252Fcafef.vn%252Ff3c3b225a045e08%26relation%3Dparent.parent&container_width=85&href=http%3A%2F%2Fcafef.vn%2Fsong-mekong-bi-buc-tu-hang-tram-km-song-lun-di-vai-met-tham-hoa-dang-toi-rat-gan-20191223091709904.chn&layout=button_count&locale=vi_VN&sdk=joey&share=false&show_faces=false&size=small,10,23-12-2019
201912232019122307570581,2019122307570581,https://www.facebook.com/v2.5/plugins/like.php?action=like&app_id=115279665149396&channel=https%3A%2F%2Fstaticxlie%2Fxd_arbiter.php%3Fversion%3D44%23cb%3Df3defe6b2094794%26domain%3Dcafef.vn%26origin%3Dhttp%253A%252F%252Fcafef.vn%252Ff3c3b225a045e08%26relation%3Dparent.parent&container_width=85&href=http%3A%2F%2Fcafef.vn%2Fhong-kong-airlines-bi-giam-7-may-bay-vi-khong-tra-no-2019122307570581.chn&layout=button_count&locale=vi_VN&sdk=joey&share=false&show_faces=false&size=small,0,23-12-2019
2019122320191223075923482,20191223075923482,https://www.facebook.com/v2.5/plugins/like.php?action=like&app_id=115279665149396&channel=https%3A%2F%2Fstaticxlie%2Fxd_arbiter.php%3Fversion%3D44%23cb%3Df3defe6b2094794%26domain%3Dcafef.vn%26origin%3Dhttp%253A%252F%252Fcafef.vn%252Ff3c3b225a045e08%26relation%3Dparent.parent&container_width=85&href=http%3A%2F%2Fcafef.vn%2Fbitcoin-tri-tre-thi-truong-ruc-do-20191223075923482.chn&layout=button_count&locale=vi_VN&sdk=joey&share=false&show_faces=false&size=small,0,23-12-2019
2019122320191222230922717,20191222230922717,https://www.facebook.com/v2.5/plugins/like.php?action=like&app_id=115279665149396&channel=https%3A%2F%2Fstaticxlie%2Fxd_arbiter.php%3Fversion%3D44%23cb%3Df3defe6b2094794%26domain%3Dcafef.vn%26origin%3Dhttp%253A%252F%252Fcafef.vn%252Ff3c3b225a045e08%26relation%3Dparent.parent&container_width=85&href=http%3A%2F%2Fcafef.vn%2Fdong-tien-roi-di-cao-ky-luc-trung-quoc-lo-so-kich-ban-4-nam-truoc-lap-lai-khi-hang-tram-ty-usd-du-tru-boc-hoi-20191222230922717.chn&layout=button_count&locale=vi_VN&sdk=joey&share=false&show_faces=false&size=small,25,23-12-2019
2019122320191221222413217,20191221222413217,https://www.facebook.com/v2.5/plugins/like.php?action=like&app_id=115279665149396&channel=https%3A%2F%2Fstaticxlie%2Fxd_arbiter.php%3Fversion%3D44%23cb%3Df3defe6b2094794%26domain%3Dcafef.vn%26origin%3Dhttp%253A%252F%252Fcafef.vn%252Ff3c3b225a045e08%26relation%3Dparent.parent&container_width=85&href=http%3A%2F%2Fcafef.vn%2Fday-la-6-cach-don-gian-giup-ban-cai-thien-kha-nang-tai-chinh-chi-trong-vong-1-nam-20191221222413217.chn&layout=button_count&locale=vi_VN&sdk=joey&share=false&show_faces=false&size=small,3,23-12-2019
2019122320191222153552279,20191222153552279,https://www.facebook.com/v2.5/plugins/like.php?action=like&app_id=115279665149396&channel=https%3A%2F%2Fstaticxlie%2Fxd_arbiter.php%3Fversion%3D44%23cb%3Df3defe6b2094794%26domain%3Dcafef.vn%26origin%3Dhttp%253A%252F%252Fcafef.vn%252Ff3c3b225a045e08%26relation%3Dparent.parent&container_width=85&href=http%3A%2F%2Fcafef.vn%2F40-nam-quan-he-ngoai-giao-my-trung-va-20-thang-thuong-chien-cam-go-20191222153552279.chn&layout=button_count&locale=vi_VN&sdk=joey&share=false&show_faces=false&size=small,2,23-12-2019
2019122320191222133528326,20191222133528326,https://www.facebook.com/v2.5/plugins/like.php?action=like&app_id=115279665149396&channel=https%3A%2F%2Fstaticxlie%2Fxd_arbiter.php%3Fversion%3D44%23cb%3Df3defe6b2094794%26domain%3Dcafef.vn%26origin%3Dhttp%253A%252F%252Fcafef.vn%252Ff3c3b225a045e08%26relation%3Dparent.parent&container_width=85&href=http%3A%2F%2Fcafef.vn%2Fnew-york-times-ca-nuoc-my-dang-bi-theo-doi-vi-tri-qua-smartphone-nhung-nhan-vat-cao-cap-nhat-cung-tro-thanh-nan-nhan-cua-cong-nghe-20191222133528326.chn&layout=button_count&locale=vi_VN&sdk=joey&share=false&show_faces=false&size=small,17,23-12-2019
2019122320191222131544857,20191222131544857,https://www.facebook.com/v2.5/plugins/like.php?action=like&app_id=115279665149396&channel=https%3A%2F%2Fstaticxlie%2Fxd_arbiter.php%3Fversion%3D44%23cb%3Df3defe6b2094794%26domain%3Dcafef.vn%26origin%3Dhttp%253A%252F%252Fcafef.vn%252Ff3c3b225a045e08%26relation%3Dparent.parent&container_width=85&href=http%3A%2F%2Fcafef.vn%2Fnham-chuc-moi-ceo-google-duoc-tang-manh-luong-thuong-20191222131544857.chn&layout=button_count&locale=vi_VN&sdk=joey&share=false&show_faces=false&size=small,3,23-12-2019
2019122320191222131405295,20191222131405295,https://www.facebook.com/v2.5/plugins/like.php?action=like&app_id=115279665149396&channel=https%3A%2F%2Fstaticxlie%2Fxd_arbiter.php%3Fversion%3D44%23cb%3Df3defe6b2094794%26domain%3Dcafef.vn%26origin%3Dhttp%253A%252F%252Fcafef.vn%252Ff3c3b225a045e08%26relation%3Dparent.parent&container_width=85&href=http%3A%2F%2Fcafef.vn%2Fstartup-tien-ao-hang-dau-the-gioi-duoc-dinh-gia-10-ty-usd-20191222131405295.chn&layout=button_count&locale=vi_VN&sdk=joey&share=false&show_faces=false&size=small,51,23-12-2019
2019122320191221173514967,20191221173514967,https://www.facebook.com/v2.5/plugins/like.php?action=like&app_id=115279665149396&channel=https%3A%2F%2Fstaticxlie%2Fxd_arbiter.php%3Fversion%3D44%23cb%3Df3defe6b2094794%26domain%3Dcafef.vn%26origin%3Dhttp%253A%252F%252Fcafef.vn%252Ff3c3b225a045e08%26relation%3Dparent.parent&container_width=85&href=http%3A%2F%2Fcafef.vn%2Fsheryl-sandberg-va-mot-thap-ky-day-thang-tram-tu-bieu-tuong-sang-choi-cho-phu-nu-tren-toan-the-gioi-den-vu-be-boi-du-lieu-chan-dong-cua-facebook-20191221173514967.chn&layout=button_count&locale=vi_VN&sdk=joey&share=false&show_faces=false&size=small,3,23-12-2019
2019122320191221145117826,20191221145117826,https://www.facebook.com/v2.5/plugins/like.php?action=like&app_id=115279665149396&channel=https%3A%2F%2Fstaticxlie%2Fxd_arbiter.php%3Fversion%3D44%23cb%3Df3defe6b2094794%26domain%3Dcafef.vn%26origin%3Dhttp%253A%252F%252Fcafef.vn%252Ff3c3b225a045e08%26relation%3Dparent.parent&container_width=85&href=http%3A%2F%2Fcafef.vn%2F8-thoi-quen-giup-ban-nghi-huu-som-tu-30-40-tuoi-20191221145117826.chn&layout=button_count&locale=vi_VN&sdk=joey&share=false&show_faces=false&size=small,10,23-12-2019
2019122320191220174405123,20191220174405123,https://www.facebook.com/v2.5/plugins/like.php?action=like&app_id=115279665149396&channel=https%3A%2F%2Fstaticxlie%2Fxd_arbiter.php%3Fversion%3D44%23cb%3Df3defe6b2094794%26domain%3Dcafef.vn%26origin%3Dhttp%253A%252F%252Fcafef.vn%252Ff3c3b225a045e08%26relation%3Dparent.parent&container_width=85&href=http%3A%2F%2Fcafef.vn%2Ftro-treu-tham-vong-thong-linh-nganh-ai-cua-trung-quoc-nhan-to-trong-yeu-phu-thuoc-rat-nhieu-vao-doi-thu-lon-nhat-cach-dao-tao-loi-thoi-thi-viet-code-trengiay-20191220174405123.chn&layout=button_count&locale=vi_VN&sdk=joey&share=false&show_faces=false&size=small,3,23-12-2019
2019122320191222090015373,20191222090015373,https://www.facebook.com/v2.5/plugins/like.php?action=like&app_id=115279665149396&channel=https%3A%2F%2Fstaticxlie%2Fxd_arbiter.php%3Fversion%3D44%23cb%3Df3defe6b2094794%26domain%3Dcafef.vn%26origin%3Dhttp%253A%252F%252Fcafef.vn%252Ff3c3b225a045e08%26relation%3Dparent.parent&container_width=85&href=http%3A%2F%2Fcafef.vn%2Ftu-instagram-toi-tiktok-mang-xa-hoi-bien-doi-the-nao-trong-10-nam-qua-20191222090015373.chn&layout=button_count&locale=vi_VN&sdk=joey&share=false&show_faces=false&size=small,1,23-12-2019
201912232019122209043231,2019122209043231,https://www.facebook.com/v2.5/plugins/like.php?action=like&app_id=115279665149396&channel=https%3A%2F%2Fstaticxlie%2Fxd_arbiter.php%3Fversion%3D44%23cb%3Df3defe6b2094794%26domain%3Dcafef.vn%26origin%3Dhttp%253A%252F%252Fcafef.vn%252Ff3c3b225a045e08%26relation%3Dparent.parent&container_width=85&href=http%3A%2F%2Fcafef.vn%2Fthuong-hieu-thoi-trang-nhanh-hm-thu-nghiem-hinh-thuc-cho-thue-quan-ao-de-bao-ve-moi-truong-2019122209043231.chn&layout=button_count&locale=vi_VN&sdk=joey&share=false&show_faces=false&size=small,3,23-12-2019
2019122320191223134426748,20191223134426748,https://www.facebook.com/v2.5/plugins/like.php?action=like&app_id=115279665149396&channel=https%3A%2F%2Fstaticxlie%2Fxd_arbiter.php%3Fversion%3D44%23cb%3Df3defe6b2094794%26domain%3Dcafef.vn%26origin%3Dhttp%253A%252F%252Fcafef.vn%252Ff3c3b225a045e08%26relation%3Dparent.parent&container_width=85&href=http%3A%2F%2Fcafef.vn%2Fnhieu-dn-than-van-de-qui-hoach-nganh-voi-thu-tuong-20191223134426748.chn&layout=button_count&locale=vi_VN&sdk=joey&share=false&show_faces=false&size=small,0,23-12-2019
2019122320191223105354279,20191223105354279,https://www.facebook.com/v2.5/plugins/like.php?action=like&app_id=115279665149396&channel=https%3A%2F%2Fstaticxlie%2Fxd_arbiter.php%3Fversion%3D44%23cb%3Df3defe6b2094794%26domain%3Dcafef.vn%26origin%3Dhttp%253A%252F%252Fcafef.vn%252Ff3c3b225a045e08%26relation%3Dparent.parent&container_width=85&href=http%3A%2F%2Fcafef.vn%2Fchu-tich-hiep-hoi-dnnvv-mong-chinh-phu-khong-ep-buoc-ho-kinh-doanh-chuyen-thanh-doanh-nghiep-20191223105354279.chn&layout=button_count&locale=vi_VN&sdk=joey&share=false&show_faces=false&size=small,0,23-12-2019
2019122320191223114053201,20191223114053201,https://www.facebook.com/v2.5/plugins/like.php?action=like&app_id=115279665149396&channel=https%3A%2F%2Fstaticxlie%2Fxd_arbiter.php%3Fversion%3D44%23cb%3Df3defe6b2094794%26domain%3Dcafef.vn%26origin%3Dhttp%253A%252F%252Fcafef.vn%252Ff3c3b225a045e08%26relation%3Dparent.parent&container_width=85&href=http%3A%2F%2Fcafef.vn%2Fthu-tuong-khong-co-quoc-gia-hung-cuong-neu-khong-co-doanh-nghiep-hung-hau-20191223114053201.chn&layout=button_count&locale=vi_VN&sdk=joey&share=false&show_faces=false&size=small,0,23-12-2019
2019122320191223102308388,20191223102308388,https://www.facebook.com/v2.5/plugins/like.php?action=like&app_id=115279665149396&channel=https%3A%2F%2Fstaticxlie%2Fxd_arbiter.php%3Fversion%3D44%23cb%3Df3defe6b2094794%26domain%3Dcafef.vn%26origin%3Dhttp%253A%252F%252Fcafef.vn%252Ff3c3b225a045e08%26relation%3Dparent.parent&container_width=85&href=http%3A%2F%2Fcafef.vn%2Fdong-gop-cua-doanh-nghiep-voi-phat-trien-dat-nuoc-chua-xung-voi-tiem-nang-20191223102308388.chn&layout=button_count&locale=vi_VN&sdk=joey&share=false&show_faces=false&size=small,1,23-12-2019
2019122320191223094129498,20191223094129498,https://www.facebook.com/v2.5/plugins/like.php?action=like&app_id=115279665149396&channel=https%3A%2F%2Fstaticxlie%2Fxd_arbiter.php%3Fversion%3D44%23cb%3Df3defe6b2094794%26domain%3Dcafef.vn%26origin%3Dhttp%253A%252F%252Fcafef.vn%252Ff3c3b225a045e08%26relation%3Dparent.parent&container_width=85&href=http%3A%2F%2Fcafef.vn%2Ftai-sao-nha-dau-tu-uc-chon-viet-nam-thay-vi-an-do-20191223094129498.chn&layout=button_count&locale=vi_VN&sdk=joey&share=false&show_faces=false&size=small,145,23-12-2019
2019122320191223093454342,20191223093454342,https://www.facebook.com/v2.5/plugins/like.php?action=like&app_id=115279665149396&channel=https%3A%2F%2Fstaticxlie%2Fxd_arbiter.php%3Fversion%3D44%23cb%3Df3defe6b2094794%26domain%3Dcafef.vn%26origin%3Dhttp%253A%252F%252Fcafef.vn%252Ff3c3b225a045e08%26relation%3Dparent.parent&container_width=85&href=http%3A%2F%2Fcafef.vn%2Fdoanh-nghiep-xuat-khau-lao-dong-phai-co-von-dieu-le-tu-5-ty-dong-tro-len-20191223093454342.chn&layout=button_count&locale=vi_VN&sdk=joey&share=false&show_faces=false&size=small,0,23-12-2019
2019122320191223093805763,20191223093805763,https://www.facebook.com/v2.5/plugins/like.php?action=like&app_id=115279665149396&channel=https%3A%2F%2Fstaticxlie%2Fxd_arbiter.php%3Fversion%3D44%23cb%3Df3defe6b2094794%26domain%3Dcafef.vn%26origin%3Dhttp%253A%252F%252Fcafef.vn%252Ff3c3b225a045e08%26relation%3Dparent.parent&container_width=85&href=http%3A%2F%2Fcafef.vn%2Fco-nen-thuong-tet-bang-hien-vat-20191223093805763.chn&layout=button_count&locale=vi_VN&sdk=joey&share=false&show_faces=false&size=small,1,23-12-2019
2019122320191223084910498,20191223084910498,https://www.facebook.com/v2.5/plugins/like.php?action=like&app_id=115279665149396&channel=https%3A%2F%2Fstaticxlie%2Fxd_arbiter.php%3Fversion%3D44%23cb%3Df3defe6b2094794%26domain%3Dcafef.vn%26origin%3Dhttp%253A%252F%252Fcafef.vn%252Ff3c3b225a045e08%26relation%3Dparent.parent&container_width=85&href=http%3A%2F%2Fcafef.vn%2Fthu-tuong-chu-tri-hoi-nghi-voi-doanh-nghiep-20191223084910498.chn&layout=button_count&locale=vi_VN&sdk=joey&share=false&show_faces=false&size=small,0,23-12-2019
2019122320191223073408451,20191223073408451,https://www.facebook.com/v2.5/plugins/like.php?action=like&app_id=115279665149396&channel=https%3A%2F%2Fstaticxlie%2Fxd_arbiter.php%3Fversion%3D44%23cb%3Df3defe6b2094794%26domain%3Dcafef.vn%26origin%3Dhttp%253A%252F%252Fcafef.vn%252Ff3c3b225a045e08%26relation%3Dparent.parent&container_width=85&href=http%3A%2F%2Fcafef.vn%2Ftai-sinh-du-an-tisco-ii-tai-tieng-20191223073408451.chn&layout=button_count&locale=vi_VN&sdk=joey&share=false&show_faces=false&size=small,10,23-12-2019
2019122320191223073151467,20191223073151467,https://www.facebook.com/v2.5/plugins/like.php?action=like&app_id=115279665149396&channel=https%3A%2F%2Fstaticxlie%2Fxd_arbiter.php%3Fversion%3D44%23cb%3Df3defe6b2094794%26domain%3Dcafef.vn%26origin%3Dhttp%253A%252F%252Fcafef.vn%252Ff3c3b225a045e08%26relation%3Dparent.parent&container_width=85&href=http%3A%2F%2Fcafef.vn%2Fgam-hang-day-gia-thit-lon-bo-truong-canh-bao-gay-ong-dap-lung-ong-20191223073151467.chn&layout=button_count&locale=vi_VN&sdk=joey&share=false&show_faces=false&size=small,1,23-12-2019
2019122320191222155903138,20191222155903138,https://www.facebook.com/v2.5/plugins/like.php?action=like&app_id=115279665149396&channel=https%3A%2F%2Fstaticxlie%2Fxd_arbiter.php%3Fversion%3D44%23cb%3Df3defe6b2094794%26domain%3Dcafef.vn%26origin%3Dhttp%253A%252F%252Fcafef.vn%252Ff3c3b225a045e08%26relation%3Dparent.parent&container_width=85&href=http%3A%2F%2Fcafef.vn%2Fthu-tuong-mong-ky-tich-the-thao-lan-toa-sang-kinh-te-xa-hoi-20191222155903138.chn&layout=button_count&locale=vi_VN&sdk=joey&share=false&show_faces=false&size=small,1,23-12-2019
2019122320191222143107607,20191222143107607,https://www.facebook.com/v2.5/plugins/like.php?action=like&app_id=115279665149396&channel=https%3A%2F%2Fstaticxlie%2Fxd_arbiter.php%3Fversion%3D44%23cb%3Df3defe6b2094794%26domain%3Dcafef.vn%26origin%3Dhttp%253A%252F%252Fcafef.vn%252Ff3c3b225a045e08%26relation%3Dparent.parent&container_width=85&href=http%3A%2F%2Fcafef.vn%2Fbao-trung-quoc-tong-ket-thuong-mai-chau-a-2019-toan-khu-vuc-u-am-viet-nam-la-diem-sang-hiem-hoi-20191222143107607.chn&layout=button_count&locale=vi_VN&sdk=joey&share=false&show_faces=false&size=small,179,23-12-2019
2019122320191222123400904,20191222123400904,https://www.facebook.com/v2.5/plugins/like.php?action=like&app_id=115279665149396&channel=https%3A%2F%2Fstaticxlie%2Fxd_arbiter.php%3Fversion%3D44%23cb%3Df3defe6b2094794%26domain%3Dcafef.vn%26origin%3Dhttp%253A%252F%252Fcafef.vn%252Ff3c3b225a045e08%26relation%3Dparent.parent&container_width=85&href=http%3A%2F%2Fcafef.vn%2Fviet-nam-nhan-goi-ho-tro-15-trieu-usd-de-phat-trien-dien-mat-troi-20191222123400904.chn&layout=button_count&locale=vi_VN&sdk=joey&share=false&show_faces=false&size=small,272,23-12-2019
2019122320191222080547873,20191222080547873,https://www.facebook.com/v2.5/plugins/like.php?action=like&app_id=115279665149396&channel=https%3A%2F%2Fstaticxlie%2Fxd_arbiter.php%3Fversion%3D44%23cb%3Df3defe6b2094794%26domain%3Dcafef.vn%26origin%3Dhttp%253A%252F%252Fcafef.vn%252Ff3c3b225a045e08%26relation%3Dparent.parent&container_width=85&href=http%3A%2F%2Fcafef.vn%2Fcptpp-va-evfta-co-la-cuu-canh-xuat-khau-ho-tieu-20191222080547873.chn&layout=button_count&locale=vi_VN&sdk=joey&share=false&show_faces=false&size=small,1,23-12-2019
2019122320191222073505326,20191222073505326,https://www.facebook.com/v2.5/plugins/like.php?action=like&app_id=115279665149396&channel=https%3A%2F%2Fstaticxlie%2Fxd_arbiter.php%3Fversion%3D44%23cb%3Df3defe6b2094794%26domain%3Dcafef.vn%26origin%3Dhttp%253A%252F%252Fcafef.vn%252Ff3c3b225a045e08%26relation%3Dparent.parent&container_width=85&href=http%3A%2F%2Fcafef.vn%2Fnu-ty-phu-viet-ke-dam-cuoi-150-dau-bep-nhieu-chuyen-co-chua-tung-thay-20191222073505326.chn&layout=button_count&locale=vi_VN&sdk=joey&share=false&show_faces=false&size=small,0,23-12-2019
2019122320191222073023498,20191222073023498,https://www.facebook.com/v2.5/plugins/like.php?action=like&app_id=115279665149396&channel=https%3A%2F%2Fstaticxlie%2Fxd_arbiter.php%3Fversion%3D44%23cb%3Df3defe6b2094794%26domain%3Dcafef.vn%26origin%3Dhttp%253A%252F%252Fcafef.vn%252Ff3c3b225a045e08%26relation%3Dparent.parent&container_width=85&href=http%3A%2F%2Fcafef.vn%2Fba-dau-an-ty-usd-va-3-cuoc-dua-nong-nhat-viet-nam-20191222073023498.chn&layout=button_count&locale=vi_VN&sdk=joey&share=false&show_faces=false&size=small,124,23-12-2019
2019122320191221195742607,20191221195742607,https://www.facebook.com/v2.5/plugins/like.php?action=like&app_id=115279665149396&channel=https%3A%2F%2Fstaticxlie%2Fxd_arbiter.php%3Fversion%3D44%23cb%3Df3defe6b2094794%26domain%3Dcafef.vn%26origin%3Dhttp%253A%252F%252Fcafef.vn%252Ff3c3b225a045e08%26relation%3Dparent.parent&container_width=85&href=http%3A%2F%2Fcafef.vn%2Fbloomberg-nhung-bang-chung-nay-se-cho-thay-nam-2019-khien-kinh-te-toan-cau-bam-dap-ra-sao-20191221195742607.chn&layout=button_count&locale=vi_VN&sdk=joey&share=false&show_faces=false&size=small,231,23-12-2019
2019122320191221153633123,20191221153633123,https://www.facebook.com/v2.5/plugins/like.php?action=like&app_id=115279665149396&channel=https%3A%2F%2Fstaticxlie%2Fxd_arbiter.php%3Fversion%3D44%23cb%3Df3defe6b2094794%26domain%3Dcafef.vn%26origin%3Dhttp%253A%252F%252Fcafef.vn%252Ff3c3b225a045e08%26relation%3Dparent.parent&container_width=85&href=http%3A%2F%2Fcafef.vn%2Fmuong-thanh-khoi-kien-chu-tich-da-nang-20191221153633123.chn&layout=button_count&locale=vi_VN&sdk=joey&share=false&show_faces=false&size=small,16,23-12-2019
201912232019122116192367,2019122116192367,https://www.facebook.com/v2.5/plugins/like.php?action=like&app_id=115279665149396&channel=https%3A%2F%2Fstaticxlie%2Fxd_arbiter.php%3Fversion%3D44%23cb%3Df3defe6b2094794%26domain%3Dcafef.vn%26origin%3Dhttp%253A%252F%252Fcafef.vn%252Ff3c3b225a045e08%26relation%3Dparent.parent&container_width=85&href=http%3A%2F%2Fcafef.vn%2Fmot-nam-vui-buon-cua-xuat-khau-ca-tra-2019122116192367.chn&layout=button_count&locale=vi_VN&sdk=joey&share=false&show_faces=false&size=small,0,23-12-2019
2019122320191223145303732,20191223145303732,https://www.facebook.com/v2.5/plugins/like.php?action=like&app_id=115279665149396&channel=https%3A%2F%2Fstaticxlie%2Fxd_arbiter.php%3Fversion%3D44%23cb%3Df3defe6b2094794%26domain%3Dcafef.vn%26origin%3Dhttp%253A%252F%252Fcafef.vn%252Ff3c3b225a045e08%26relation%3Dparent.parent&container_width=85&href=http%3A%2F%2Fcafef.vn%2Fngam-vuon-buoi-canh-choi-tet-bac-ty-o-ha-noi-40-trieu-dong-cay-120-qua-20191223145303732.chn&layout=button_count&locale=vi_VN&sdk=joey&share=false&show_faces=false&size=small,0,23-12-2019
2019122320191223150036342,20191223150036342,https://www.facebook.com/v2.5/plugins/like.php?action=like&app_id=115279665149396&channel=https%3A%2F%2Fstaticxlie%2Fxd_arbiter.php%3Fversion%3D44%23cb%3Df3defe6b2094794%26domain%3Dcafef.vn%26origin%3Dhttp%253A%252F%252Fcafef.vn%252Ff3c3b225a045e08%26relation%3Dparent.parent&container_width=85&href=http%3A%2F%2Fcafef.vn%2Fkiem-tien-dip-giang-sinh-nua-trieu-dong-toi-dong-gia-lam-ong-gia-noel-20191223150036342.chn&layout=button_count&locale=vi_VN&sdk=joey&share=false&show_faces=false&size=small,0,23-12-2019
201912232019122314035817,2019122314035817,https://www.facebook.com/v2.5/plugins/like.php?action=like&app_id=115279665149396&channel=https%3A%2F%2Fstaticxlie%2Fxd_arbiter.php%3Fversion%3D44%23cb%3Df3defe6b2094794%26domain%3Dcafef.vn%26origin%3Dhttp%253A%252F%252Fcafef.vn%252Ff3c3b225a045e08%26relation%3Dparent.parent&container_width=85&href=http%3A%2F%2Fcafef.vn%2Fcuoc-song-cua-hoi-ai-nu-nha-ty-phu-cong-nghe-giau-nhat-the-gioi-dung-nghi-lam-con-bill-gates-mark-zuckerberg-la-de-dang-2019122314035817.chn&layout=button_count&locale=vi_VN&sdk=joey&share=false&show_faces=false&size=small,3,23-12-2019
2019122320191223142301513,20191223142301513,https://www.facebook.com/v2.5/plugins/like.php?action=like&app_id=115279665149396&channel=https%3A%2F%2Fstaticxlie%2Fxd_arbiter.php%3Fversion%3D44%23cb%3Df3defe6b2094794%26domain%3Dcafef.vn%26origin%3Dhttp%253A%252F%252Fcafef.vn%252Ff3c3b225a045e08%26relation%3Dparent.parent&container_width=85&href=http%3A%2F%2Fcafef.vn%2Fprofile-dinh-cao-cua-thac-si-pha-ky-luc-31-phut-cua-sieu-tri-tue-trong-1-phut-ielts-90-hoc-bong-du-hoc-toan-phan-dong-sang-lap-chuong-trinh-8-ielts-20191223142301513.chn&layout=button_count&locale=vi_VN&sdk=joey&share=false&show_faces=false&size=small,1,23-12-2019
201912232019122313483967,2019122313483967,https://www.facebook.com/v2.5/plugins/like.php?action=like&app_id=115279665149396&channel=https%3A%2F%2Fstaticxlie%2Fxd_arbiter.php%3Fversion%3D44%23cb%3Df3defe6b2094794%26domain%3Dcafef.vn%26origin%3Dhttp%253A%252F%252Fcafef.vn%252Ff3c3b225a045e08%26relation%3Dparent.parent&container_width=85&href=http%3A%2F%2Fcafef.vn%2Fton-hon-5000-ty-chong-dich-6-trieu-con-lon-bi-tieu-huy-2019122313483967.chn&layout=button_count&locale=vi_VN&sdk=joey&share=false&show_faces=false&size=small,0,23-12-2019
201912232019122314085417,2019122314085417,https://www.facebook.com/v2.5/plugins/like.php?action=like&app_id=115279665149396&channel=https%3A%2F%2Fstaticxlie%2Fxd_arbiter.php%3Fversion%3D44%23cb%3Df3defe6b2094794%26domain%3Dcafef.vn%26origin%3Dhttp%253A%252F%252Fcafef.vn%252Ff3c3b225a045e08%26relation%3Dparent.parent&container_width=85&href=http%3A%2F%2Fcafef.vn%2Fnguoi-dan-nuoi-heo-thu-lai-khung-nho-gia-tang-cao-2019122314085417.chn&layout=button_count&locale=vi_VN&sdk=joey&share=false&show_faces=false&size=small,3,23-12-2019
2019122320191223112903138,20191223112903138,https://www.facebook.com/v2.5/plugins/like.php?action=like&app_id=115279665149396&channel=https%3A%2F%2Fstaticxlie%2Fxd_arbiter.php%3Fversion%3D44%23cb%3Df3defe6b2094794%26domain%3Dcafef.vn%26origin%3Dhttp%253A%252F%252Fcafef.vn%252Ff3c3b225a045e08%26relation%3Dparent.parent&container_width=85&href=http%3A%2F%2Fcafef.vn%2F24h-kham-pha-doan-gia-resort-phong-nha-quang-binh-20191223112903138.chn&layout=button_count&locale=vi_VN&sdk=joey&share=false&show_faces=false&size=small,0,23-12-2019
201912232019122309541192,2019122309541192,https://www.facebook.com/v2.5/plugins/like.php?action=like&app_id=115279665149396&channel=https%3A%2F%2Fstaticxlie%2Fxd_arbiter.php%3Fversion%3D44%23cb%3Df3defe6b2094794%26domain%3Dcafef.vn%26origin%3Dhttp%253A%252F%252Fcafef.vn%252Ff3c3b225a045e08%26relation%3Dparent.parent&container_width=85&href=http%3A%2F%2Fcafef.vn%2Ftham-nhap-the-gioi-lam-dep-2019122309541192.chn&layout=button_count&locale=vi_VN&sdk=joey&share=false&show_faces=false&size=small,81,23-12-2019
2019122320191223094641201,20191223094641201,https://www.facebook.com/v2.5/plugins/like.php?action=like&app_id=115279665149396&channel=https%3A%2F%2Fstaticxlie%2Fxd_arbiter.php%3Fversion%3D44%23cb%3Df3defe6b2094794%26domain%3Dcafef.vn%26origin%3Dhttp%253A%252F%252Fcafef.vn%252Ff3c3b225a045e08%26relation%3Dparent.parent&container_width=85&href=http%3A%2F%2Fcafef.vn%2F6-bai-hoc-ban-can-phai-thuoc-long-dung-yeu-qua-tron-bot-ky-vong-vao-tuong-lai-va-hoc-cach-song-mot-minh-20191223094641201.chn&layout=button_count&locale=vi_VN&sdk=joey&share=false&show_faces=false&size=small,17,23-12-2019
2019122320191223102102888,20191223102102888,https://www.facebook.com/v2.5/plugins/like.php?action=like&app_id=115279665149396&channel=https%3A%2F%2Fstaticxlie%2Fxd_arbiter.php%3Fversion%3D44%23cb%3Df3defe6b2094794%26domain%3Dcafef.vn%26origin%3Dhttp%253A%252F%252Fcafef.vn%252Ff3c3b225a045e08%26relation%3Dparent.parent&container_width=85&href=http%3A%2F%2Fcafef.vn%2Fmau-xe-cu-nao-giu-gia-tot-khach-nen-mua-20191223102102888.chn&layout=button_count&locale=vi_VN&sdk=joey&share=false&show_faces=false&size=small,1,23-12-2019
2019122320191223090318701,20191223090318701,https://www.facebook.com/v2.5/plugins/like.php?action=like&app_id=115279665149396&channel=https%3A%2F%2Fstaticxlie%2Fxd_arbiter.php%3Fversion%3D44%23cb%3Df3defe6b2094794%26domain%3Dcafef.vn%26origin%3Dhttp%253A%252F%252Fcafef.vn%252Ff3c3b225a045e08%26relation%3Dparent.parent&container_width=85&href=http%3A%2F%2Fcafef.vn%2F50-nhan-vien-apple-chua-hoc-het-dai-hoc-nhung-nguoi-tre-dang-bi-huy-hoai-boi-tu-tuong-hoc-hanh-cung-vo-dung-20191223090318701.chn&layout=button_count&locale=vi_VN&sdk=joey&share=false&show_faces=false&size=small,274,23-12-2019
2019122320191223095321404,20191223095321404,https://www.facebook.com/v2.5/plugins/like.php?action=like&app_id=115279665149396&channel=https%3A%2F%2Fstaticxlie%2Fxd_arbiter.php%3Fversion%3D44%23cb%3Df3defe6b2094794%26domain%3Dcafef.vn%26origin%3Dhttp%253A%252F%252Fcafef.vn%252Ff3c3b225a045e08%26relation%3Dparent.parent&container_width=85&href=http%3A%2F%2Fcafef.vn%2F5-thoi-quen-khong-lanh-manh-dang-so-hon-hut-thuoc-tiec-rang-nhieu-nguoi-van-dang-lam-20191223095321404.chn&layout=button_count&locale=vi_VN&sdk=joey&share=false&show_faces=false&size=small,16,23-12-2019
2019122320191223152111263,20191223152111263,https://www.facebook.com/v2.5/plugins/like.php?action=like&app_id=115279665149396&channel=https%3A%2F%2Fstaticxlie%2Fxd_arbiter.php%3Fversion%3D44%23cb%3Df3defe6b2094794%26domain%3Dcafef.vn%26origin%3Dhttp%253A%252F%252Fcafef.vn%252Ff3c3b225a045e08%26relation%3Dparent.parent&container_width=85&href=http%3A%2F%2Fcafef.vn%2F10-bat-ngo-ve-kinh-te-bang-texas-cua-my-20191223152111263.chn&layout=button_count&locale=vi_VN&sdk=joey&share=false&show_faces=false&size=small,0,23-12-2019
2019122320191223151207388,20191223151207388,https://www.facebook.com/v2.5/plugins/like.php?action=like&app_id=115279665149396&channel=https%3A%2F%2Fstaticxlie%2Fxd_arbiter.php%3Fversion%3D44%23cb%3Df3defe6b2094794%26domain%3Dcafef.vn%26origin%3Dhttp%253A%252F%252Fcafef.vn%252Ff3c3b225a045e08%26relation%3Dparent.parent&container_width=85&href=http%3A%2F%2Fcafef.vn%2F2019-nam-tu-than-cua-gioi-khoi-nghiep-toan-the-gioi-20191223151207388.chn&layout=button_count&locale=vi_VN&sdk=joey&share=false&show_faces=false&size=small,0,23-12-2019
2019122320191223154037373,20191223154037373,https://www.facebook.com/v2.5/plugins/like.php?action=like&app_id=115279665149396&channel=https%3A%2F%2Fstaticxlie%2Fxd_arbiter.php%3Fversion%3D44%23cb%3Df3defe6b2094794%26domain%3Dcafef.vn%26origin%3Dhttp%253A%252F%252Fcafef.vn%252Ff3c3b225a045e08%26relation%3Dparent.parent&container_width=85&href=http%3A%2F%2Fcafef.vn%2Fgiam-thue-cho-hang-hoa-my-chung-khoan-trung-quoc-dong-loat-cam-dau-giam-diem-20191223154037373.chn&layout=button_count&locale=vi_VN&sdk=joey&share=false&show_faces=false&size=small,0,23-12-2019
2019122320191223094839201,20191223094839201,https://www.facebook.com/v2.5/plugins/like.php?action=like&app_id=115279665149396&channel=https%3A%2F%2Fstaticxlie%2Fxd_arbiter.php%3Fversion%3D44%23cb%3Df3defe6b2094794%26domain%3Dcafef.vn%26origin%3Dhttp%253A%252F%252Fcafef.vn%252Ff3c3b225a045e08%26relation%3Dparent.parent&container_width=85&href=http%3A%2F%2Fcafef.vn%2Fsau-khi-tang-gia-chong-mat-trong-2019-dong-baht-thai-lan-dang-duoi-dan-20191223094839201.chn&layout=button_count&locale=vi_VN&sdk=joey&share=false&show_faces=false&size=small,0,23-12-2019
